idproducto,idmaterial,pdf,idsubaleacion,ruta
1,72,NULL,99,"Moldeo,Fusion,Control de calidad"
2,73,NULL,99,"Moldeo,Fusion,Control de calidad"
3,74,NULL,1,"Moldeo,Fusion,Control de calidad"
4,75,NULL,1,"Moldeo,Fusion,Control de calidad"
5,76,NULL,1,"Moldeo,Fusion,Control de calidad"
6,77,NULL,1,"Moldeo,Fusion,Control de calidad"
7,78,NULL,1,"Moldeo,Fusion,Control de calidad"
8,79,NULL,1,"Moldeo,Fusion,Control de calidad"
9,80,NULL,1,"Moldeo,Fusion,Control de calidad"
10,81,NULL,1,"Moldeo,Fusion,Control de calidad"
11,82,NULL,1,"Moldeo,Fusion,Control de calidad"
12,83,NULL,1,"Moldeo,Fusion,Control de calidad"
13,84,NULL,1,"Moldeo,Fusion,Control de calidad"
14,85,NULL,1,"Moldeo,Fusion,Control de calidad"
15,86,NULL,1,"Moldeo,Fusion,Control de calidad"
16,87,NULL,1,"Moldeo,Fusion,Control de calidad"
17,88,NULL,1,"Moldeo,Fusion,Control de calidad"
18,89,NULL,1,"Moldeo,Fusion,Control de calidad"
19,90,NULL,1,"Moldeo,Fusion,Control de calidad"
20,91,NULL,1,"Moldeo,Fusion,Control de calidad"
21,92,NULL,1,"Moldeo,Fusion,Control de calidad"
22,93,NULL,1,"Moldeo,Fusion,Control de calidad"
23,94,NULL,1,"Moldeo,Fusion,Control de calidad"
24,95,NULL,1,"Moldeo,Fusion,Control de calidad"
25,96,NULL,1,"Moldeo,Fusion,Control de calidad"
26,97,NULL,1,"Moldeo,Fusion,Control de calidad"
27,98,NULL,1,"Moldeo,Fusion,Control de calidad"
28,99,NULL,1,"Moldeo,Fusion,Control de calidad"
29,100,NULL,1,"Moldeo,Fusion,Control de calidad"
30,101,NULL,1,"Moldeo,Fusion,Control de calidad"
31,102,NULL,1,"Moldeo,Fusion,Control de calidad"
32,103,NULL,1,"Moldeo,Fusion,Control de calidad"
33,104,NULL,1,"Moldeo,Fusion,Control de calidad"
34,105,NULL,1,"Moldeo,Fusion,Control de calidad"
35,106,NULL,1,"Moldeo,Fusion,Control de calidad"
36,107,NULL,1,"Moldeo,Fusion,Control de calidad"
37,108,NULL,1,"Moldeo,Fusion,Control de calidad"
38,109,NULL,1,"Moldeo,Fusion,Control de calidad"
39,110,NULL,1,"Moldeo,Fusion,Control de calidad"
40,111,NULL,1,"Moldeo,Fusion,Control de calidad"
41,112,NULL,1,"Moldeo,Fusion,Control de calidad"
42,113,NULL,1,"Moldeo,Fusion,Control de calidad"
43,114,NULL,1,"Moldeo,Fusion,Control de calidad"
44,115,NULL,1,"Moldeo,Fusion,Control de calidad"
45,116,NULL,2,"Moldeo,Fusion,Control de calidad"
46,117,NULL,2,"Moldeo,Fusion,Control de calidad"
47,118,NULL,2,"Moldeo,Fusion,Control de calidad"
48,119,NULL,2,"Moldeo,Fusion,Control de calidad"
49,120,NULL,2,"Moldeo,Fusion,Control de calidad"
50,121,NULL,2,"Moldeo,Fusion,Control de calidad"
51,122,NULL,2,"Moldeo,Fusion,Control de calidad"
52,123,NULL,2,"Moldeo,Fusion,Control de calidad"
53,124,NULL,2,"Moldeo,Fusion,Control de calidad"
54,125,NULL,2,"Moldeo,Fusion,Control de calidad"
55,126,NULL,2,"Moldeo,Fusion,Control de calidad"
56,127,NULL,2,"Moldeo,Fusion,Control de calidad"
57,128,NULL,2,"Moldeo,Fusion,Control de calidad"
58,129,NULL,2,"Moldeo,Fusion,Control de calidad"
59,130,NULL,2,"Moldeo,Fusion,Control de calidad"
60,131,NULL,2,"Moldeo,Fusion,Control de calidad"
61,132,NULL,2,"Moldeo,Fusion,Control de calidad"
62,133,NULL,2,"Moldeo,Fusion,Control de calidad"
63,134,NULL,2,"Moldeo,Fusion,Control de calidad"
64,135,NULL,2,"Moldeo,Fusion,Control de calidad"
65,136,NULL,2,"Moldeo,Fusion,Control de calidad"
66,137,NULL,2,"Moldeo,Fusion,Control de calidad"
67,138,NULL,2,"Moldeo,Fusion,Control de calidad"
68,139,NULL,2,"Moldeo,Fusion,Control de calidad"
69,140,NULL,2,"Moldeo,Fusion,Control de calidad"
70,141,NULL,2,"Moldeo,Fusion,Control de calidad"
71,142,NULL,2,"Moldeo,Fusion,Control de calidad"
72,143,NULL,2,"Moldeo,Fusion,Control de calidad"
73,144,NULL,2,"Moldeo,Fusion,Control de calidad"
74,145,NULL,2,"Moldeo,Fusion,Control de calidad"
75,146,NULL,2,"Moldeo,Fusion,Control de calidad"
76,147,NULL,2,"Moldeo,Fusion,Control de calidad"
77,148,NULL,2,"Moldeo,Fusion,Control de calidad"
78,149,NULL,2,"Moldeo,Fusion,Control de calidad"
79,150,NULL,2,"Moldeo,Fusion,Control de calidad"
80,151,NULL,2,"Moldeo,Fusion,Control de calidad"
81,152,NULL,2,"Moldeo,Fusion,Control de calidad"
82,153,NULL,2,"Moldeo,Fusion,Control de calidad"
83,154,NULL,2,"Moldeo,Fusion,Control de calidad"
84,155,NULL,2,"Moldeo,Fusion,Control de calidad"
85,156,NULL,2,"Moldeo,Fusion,Control de calidad"
86,157,NULL,2,"Moldeo,Fusion,Control de calidad"
87,158,NULL,2,"Moldeo,Fusion,Control de calidad"
88,159,NULL,2,"Moldeo,Fusion,Control de calidad"
89,160,NULL,2,"Moldeo,Fusion,Control de calidad"
90,161,NULL,2,"Moldeo,Fusion,Control de calidad"
91,162,NULL,2,"Moldeo,Fusion,Control de calidad"
92,163,NULL,2,"Moldeo,Fusion,Control de calidad"
93,164,NULL,2,"Moldeo,Fusion,Control de calidad"
94,165,NULL,2,"Moldeo,Fusion,Control de calidad"
95,166,NULL,2,"Moldeo,Fusion,Control de calidad"
96,167,NULL,2,"Moldeo,Fusion,Control de calidad"
97,168,NULL,2,"Moldeo,Fusion,Control de calidad"
98,169,NULL,2,"Moldeo,Fusion,Control de calidad"
99,170,NULL,2,"Moldeo,Fusion,Control de calidad"
100,171,NULL,2,"Moldeo,Fusion,Control de calidad"
101,172,NULL,2,"Moldeo,Fusion,Control de calidad"
102,173,NULL,2,"Moldeo,Fusion,Control de calidad"
103,174,NULL,2,"Moldeo,Fusion,Control de calidad"
104,175,NULL,2,"Moldeo,Fusion,Control de calidad"
105,176,NULL,2,"Moldeo,Fusion,Control de calidad"
106,177,NULL,2,"Moldeo,Fusion,Control de calidad"
107,178,NULL,2,"Moldeo,Fusion,Control de calidad"
108,179,NULL,2,"Moldeo,Fusion,Control de calidad"
109,180,NULL,2,"Moldeo,Fusion,Control de calidad"
110,181,NULL,2,"Moldeo,Fusion,Control de calidad"
111,182,NULL,2,"Moldeo,Fusion,Control de calidad"
112,183,NULL,2,"Moldeo,Fusion,Control de calidad"
113,184,NULL,2,"Moldeo,Fusion,Control de calidad"
114,185,NULL,2,"Moldeo,Fusion,Control de calidad"
115,186,NULL,2,"Moldeo,Fusion,Control de calidad"
116,187,NULL,2,"Moldeo,Fusion,Control de calidad"
117,188,NULL,2,"Moldeo,Fusion,Control de calidad"
118,189,NULL,2,"Moldeo,Fusion,Control de calidad"
119,190,NULL,2,"Moldeo,Fusion,Control de calidad"
120,191,NULL,2,"Moldeo,Fusion,Control de calidad"
121,192,NULL,2,"Moldeo,Fusion,Control de calidad"
122,193,NULL,2,"Moldeo,Fusion,Control de calidad"
123,194,NULL,2,"Moldeo,Fusion,Control de calidad"
124,195,NULL,2,"Moldeo,Fusion,Control de calidad"
125,196,NULL,2,"Moldeo,Fusion,Control de calidad"
126,197,NULL,2,"Moldeo,Fusion,Control de calidad"
127,198,NULL,2,"Moldeo,Fusion,Control de calidad"
128,199,NULL,2,"Moldeo,Fusion,Control de calidad"
129,200,NULL,2,"Moldeo,Fusion,Control de calidad"
130,201,NULL,2,"Moldeo,Fusion,Control de calidad"
131,202,NULL,2,"Moldeo,Fusion,Control de calidad"
132,203,NULL,2,"Moldeo,Fusion,Control de calidad"
133,204,NULL,2,"Moldeo,Fusion,Control de calidad"
134,205,NULL,2,"Moldeo,Fusion,Control de calidad"
135,206,NULL,2,"Moldeo,Fusion,Control de calidad"
136,207,NULL,2,"Moldeo,Fusion,Control de calidad"
137,208,NULL,2,"Moldeo,Fusion,Control de calidad"
138,209,NULL,2,"Moldeo,Fusion,Control de calidad"
139,210,NULL,2,"Moldeo,Fusion,Control de calidad"
140,211,NULL,2,"Moldeo,Fusion,Control de calidad"
141,212,NULL,2,"Moldeo,Fusion,Control de calidad"
142,213,NULL,2,"Moldeo,Fusion,Control de calidad"
143,214,NULL,2,"Moldeo,Fusion,Control de calidad"
144,215,NULL,2,"Moldeo,Fusion,Control de calidad"
145,216,NULL,2,"Moldeo,Fusion,Control de calidad"
146,217,NULL,2,"Moldeo,Fusion,Control de calidad"
147,218,NULL,2,"Moldeo,Fusion,Control de calidad"
148,219,NULL,2,"Moldeo,Fusion,Control de calidad"
149,220,NULL,2,"Moldeo,Fusion,Control de calidad"
150,221,NULL,2,"Moldeo,Fusion,Control de calidad"
151,222,NULL,2,"Moldeo,Fusion,Control de calidad"
152,223,NULL,2,"Moldeo,Fusion,Control de calidad"
153,224,NULL,2,"Moldeo,Fusion,Control de calidad"
154,225,NULL,2,"Moldeo,Fusion,Control de calidad"
155,226,NULL,2,"Moldeo,Fusion,Control de calidad"
156,227,NULL,2,"Moldeo,Fusion,Control de calidad"
157,228,NULL,2,"Moldeo,Fusion,Control de calidad"
158,229,NULL,2,"Moldeo,Fusion,Control de calidad"
159,230,NULL,2,"Moldeo,Fusion,Control de calidad"
160,231,NULL,2,"Moldeo,Fusion,Control de calidad"
161,232,NULL,2,"Moldeo,Fusion,Control de calidad"
162,233,NULL,2,"Moldeo,Fusion,Control de calidad"
163,234,NULL,2,"Moldeo,Fusion,Control de calidad"
164,235,NULL,2,"Moldeo,Fusion,Control de calidad"
165,236,NULL,2,"Moldeo,Fusion,Control de calidad"
166,237,NULL,2,"Moldeo,Fusion,Control de calidad"
167,238,NULL,2,"Moldeo,Fusion,Control de calidad"
168,239,NULL,2,"Moldeo,Fusion,Control de calidad"
169,240,NULL,2,"Moldeo,Fusion,Control de calidad"
170,241,NULL,2,"Moldeo,Fusion,Control de calidad"
171,242,NULL,2,"Moldeo,Fusion,Control de calidad"
172,243,NULL,2,"Moldeo,Fusion,Control de calidad"
173,244,NULL,2,"Moldeo,Fusion,Control de calidad"
174,245,NULL,2,"Moldeo,Fusion,Control de calidad"
175,246,NULL,2,"Moldeo,Fusion,Control de calidad"
176,247,NULL,2,"Moldeo,Fusion,Control de calidad"
177,248,NULL,2,"Moldeo,Fusion,Control de calidad"
178,249,NULL,2,"Moldeo,Fusion,Control de calidad"
179,250,NULL,2,"Moldeo,Fusion,Control de calidad"
180,251,NULL,2,"Moldeo,Fusion,Control de calidad"
181,252,NULL,4,"Moldeo,Fusion,Control de calidad"
182,253,NULL,4,"Moldeo,Fusion,Control de calidad"
183,254,NULL,4,"Moldeo,Fusion,Control de calidad"
184,255,NULL,4,"Moldeo,Fusion,Control de calidad"
185,256,NULL,4,"Moldeo,Fusion,Control de calidad"
186,257,NULL,4,"Moldeo,Fusion,Control de calidad"
187,258,NULL,4,"Moldeo,Fusion,Control de calidad"
188,259,NULL,4,"Moldeo,Fusion,Control de calidad"
189,260,NULL,4,"Moldeo,Fusion,Control de calidad"
190,261,NULL,4,"Moldeo,Fusion,Control de calidad"
191,262,NULL,4,"Moldeo,Fusion,Control de calidad"
192,263,NULL,4,"Moldeo,Fusion,Control de calidad"
193,264,NULL,4,"Moldeo,Fusion,Control de calidad"
194,265,NULL,4,"Moldeo,Fusion,Control de calidad"
195,266,NULL,4,"Moldeo,Fusion,Control de calidad"
196,267,NULL,7,"Moldeo,Fusion,Control de calidad"
197,268,NULL,7,"Moldeo,Fusion,Control de calidad"
198,269,NULL,7,"Moldeo,Fusion,Control de calidad"
199,270,NULL,7,"Moldeo,Fusion,Control de calidad"
200,271,NULL,7,"Moldeo,Fusion,Control de calidad"
201,272,NULL,7,"Moldeo,Fusion,Control de calidad"
202,273,NULL,7,"Moldeo,Fusion,Control de calidad"
203,274,NULL,7,"Moldeo,Fusion,Control de calidad"
204,275,NULL,7,"Moldeo,Fusion,Control de calidad"
205,276,NULL,7,"Moldeo,Fusion,Control de calidad"
206,277,NULL,7,"Moldeo,Fusion,Control de calidad"
207,278,NULL,7,"Moldeo,Fusion,Control de calidad"
208,279,NULL,7,"Moldeo,Fusion,Control de calidad"
209,280,NULL,7,"Moldeo,Fusion,Control de calidad"
210,281,NULL,7,"Moldeo,Fusion,Control de calidad"
211,282,NULL,7,"Moldeo,Fusion,Control de calidad"
212,283,NULL,7,"Moldeo,Fusion,Control de calidad"
213,284,NULL,7,"Moldeo,Fusion,Control de calidad"
214,285,NULL,7,"Moldeo,Fusion,Control de calidad"
215,286,NULL,7,"Moldeo,Fusion,Control de calidad"
216,287,NULL,7,"Moldeo,Fusion,Control de calidad"
217,288,NULL,7,"Moldeo,Fusion,Control de calidad"
218,289,NULL,7,"Moldeo,Fusion,Control de calidad"
219,290,NULL,7,"Moldeo,Fusion,Control de calidad"
220,291,NULL,7,"Moldeo,Fusion,Control de calidad"
221,292,NULL,7,"Moldeo,Fusion,Control de calidad"
222,293,NULL,7,"Moldeo,Fusion,Control de calidad"
223,294,NULL,7,"Moldeo,Fusion,Control de calidad"
224,295,NULL,7,"Moldeo,Fusion,Control de calidad"
225,296,NULL,7,"Moldeo,Fusion,Control de calidad"
226,297,NULL,7,"Moldeo,Fusion,Control de calidad"
227,298,NULL,7,"Moldeo,Fusion,Control de calidad"
228,299,NULL,7,"Moldeo,Fusion,Control de calidad"
229,300,NULL,7,"Moldeo,Fusion,Control de calidad"
230,301,NULL,7,"Moldeo,Fusion,Control de calidad"
231,302,NULL,7,"Moldeo,Fusion,Control de calidad"
232,303,NULL,7,"Moldeo,Fusion,Control de calidad"
233,304,NULL,7,"Moldeo,Fusion,Control de calidad"
234,305,NULL,7,"Moldeo,Fusion,Control de calidad"
235,306,NULL,7,"Moldeo,Fusion,Control de calidad"
236,307,NULL,7,"Moldeo,Fusion,Control de calidad"
237,308,NULL,7,"Moldeo,Fusion,Control de calidad"
238,309,NULL,7,"Moldeo,Fusion,Control de calidad"
239,310,NULL,7,"Moldeo,Fusion,Control de calidad"
240,311,NULL,7,"Moldeo,Fusion,Control de calidad"
241,312,NULL,7,"Moldeo,Fusion,Control de calidad"
242,313,NULL,7,"Moldeo,Fusion,Control de calidad"
243,314,NULL,7,"Moldeo,Fusion,Control de calidad"
244,315,NULL,7,"Moldeo,Fusion,Control de calidad"
245,316,NULL,7,"Moldeo,Fusion,Control de calidad"
246,317,NULL,7,"Moldeo,Fusion,Control de calidad"
247,318,NULL,7,"Moldeo,Fusion,Control de calidad"
248,319,NULL,7,"Moldeo,Fusion,Control de calidad"
249,320,NULL,7,"Moldeo,Fusion,Control de calidad"
250,321,NULL,7,"Moldeo,Fusion,Control de calidad"
251,322,NULL,7,"Moldeo,Fusion,Control de calidad"
252,323,NULL,7,"Moldeo,Fusion,Control de calidad"
253,324,NULL,7,"Moldeo,Fusion,Control de calidad"
254,325,NULL,7,"Moldeo,Fusion,Control de calidad"
255,326,NULL,7,"Moldeo,Fusion,Control de calidad"
256,327,NULL,7,"Moldeo,Fusion,Control de calidad"
257,328,NULL,7,"Moldeo,Fusion,Control de calidad"
258,329,NULL,7,"Moldeo,Fusion,Control de calidad"
259,330,NULL,7,"Moldeo,Fusion,Control de calidad"
260,331,NULL,7,"Moldeo,Fusion,Control de calidad"
261,332,NULL,7,"Moldeo,Fusion,Control de calidad"
262,333,NULL,7,"Moldeo,Fusion,Control de calidad"
263,334,NULL,7,"Moldeo,Fusion,Control de calidad"
264,335,NULL,7,"Moldeo,Fusion,Control de calidad"
265,336,NULL,7,"Moldeo,Fusion,Control de calidad"
266,337,NULL,7,"Moldeo,Fusion,Control de calidad"
267,338,NULL,7,"Moldeo,Fusion,Control de calidad"
268,339,NULL,7,"Moldeo,Fusion,Control de calidad"
269,340,NULL,7,"Moldeo,Fusion,Control de calidad"
270,341,NULL,7,"Moldeo,Fusion,Control de calidad"
271,342,NULL,7,"Moldeo,Fusion,Control de calidad"
272,343,NULL,7,"Moldeo,Fusion,Control de calidad"
273,344,NULL,7,"Moldeo,Fusion,Control de calidad"
274,345,NULL,7,"Moldeo,Fusion,Control de calidad"
275,346,NULL,7,"Moldeo,Fusion,Control de calidad"
276,347,NULL,7,"Moldeo,Fusion,Control de calidad"
277,348,NULL,7,"Moldeo,Fusion,Control de calidad"
278,349,NULL,7,"Moldeo,Fusion,Control de calidad"
279,350,NULL,7,"Moldeo,Fusion,Control de calidad"
280,351,NULL,7,"Moldeo,Fusion,Control de calidad"
281,352,NULL,7,"Moldeo,Fusion,Control de calidad"
282,353,NULL,7,"Moldeo,Fusion,Control de calidad"
283,354,NULL,7,"Moldeo,Fusion,Control de calidad"
284,355,NULL,7,"Moldeo,Fusion,Control de calidad"
285,356,NULL,7,"Moldeo,Fusion,Control de calidad"
286,357,NULL,7,"Moldeo,Fusion,Control de calidad"
287,358,NULL,7,"Moldeo,Fusion,Control de calidad"
288,359,NULL,7,"Moldeo,Fusion,Control de calidad"
289,360,NULL,7,"Moldeo,Fusion,Control de calidad"
290,361,NULL,7,"Moldeo,Fusion,Control de calidad"
291,362,NULL,7,"Moldeo,Fusion,Control de calidad"
292,363,NULL,7,"Moldeo,Fusion,Control de calidad"
293,364,NULL,7,"Moldeo,Fusion,Control de calidad"
294,365,NULL,7,"Moldeo,Fusion,Control de calidad"
295,366,NULL,7,"Moldeo,Fusion,Control de calidad"
296,367,NULL,7,"Moldeo,Fusion,Control de calidad"
297,368,NULL,7,"Moldeo,Fusion,Control de calidad"
298,369,NULL,7,"Moldeo,Fusion,Control de calidad"
299,370,NULL,7,"Moldeo,Fusion,Control de calidad"
300,371,NULL,7,"Moldeo,Fusion,Control de calidad"
301,372,NULL,7,"Moldeo,Fusion,Control de calidad"
302,373,NULL,7,"Moldeo,Fusion,Control de calidad"
303,374,NULL,7,"Moldeo,Fusion,Control de calidad"
304,375,NULL,7,"Moldeo,Fusion,Control de calidad"
305,376,NULL,7,"Moldeo,Fusion,Control de calidad"
306,377,NULL,7,"Moldeo,Fusion,Control de calidad"
307,378,NULL,7,"Moldeo,Fusion,Control de calidad"
308,379,NULL,7,"Moldeo,Fusion,Control de calidad"
309,380,NULL,7,"Moldeo,Fusion,Control de calidad"
310,381,NULL,7,"Moldeo,Fusion,Control de calidad"
311,382,NULL,7,"Moldeo,Fusion,Control de calidad"
312,383,NULL,7,"Moldeo,Fusion,Control de calidad"
313,384,NULL,7,"Moldeo,Fusion,Control de calidad"
314,385,NULL,7,"Moldeo,Fusion,Control de calidad"
315,386,NULL,7,"Moldeo,Fusion,Control de calidad"
316,387,NULL,7,"Moldeo,Fusion,Control de calidad"
317,388,NULL,7,"Moldeo,Fusion,Control de calidad"
318,389,NULL,7,"Moldeo,Fusion,Control de calidad"
319,390,NULL,7,"Moldeo,Fusion,Control de calidad"
320,391,NULL,7,"Moldeo,Fusion,Control de calidad"
321,392,NULL,7,"Moldeo,Fusion,Control de calidad"
322,393,NULL,7,"Moldeo,Fusion,Control de calidad"
323,394,NULL,7,"Moldeo,Fusion,Control de calidad"
324,395,NULL,7,"Moldeo,Fusion,Control de calidad"
325,396,NULL,7,"Moldeo,Fusion,Control de calidad"
326,397,NULL,7,"Moldeo,Fusion,Control de calidad"
327,398,NULL,7,"Moldeo,Fusion,Control de calidad"
328,399,NULL,7,"Moldeo,Fusion,Control de calidad"
329,400,NULL,7,"Moldeo,Fusion,Control de calidad"
330,401,NULL,7,"Moldeo,Fusion,Control de calidad"
331,402,NULL,7,"Moldeo,Fusion,Control de calidad"
332,403,NULL,7,"Moldeo,Fusion,Control de calidad"
333,404,NULL,7,"Moldeo,Fusion,Control de calidad"
334,405,NULL,7,"Moldeo,Fusion,Control de calidad"
335,406,NULL,7,"Moldeo,Fusion,Control de calidad"
336,407,NULL,7,"Moldeo,Fusion,Control de calidad"
337,408,NULL,7,"Moldeo,Fusion,Control de calidad"
338,409,NULL,7,"Moldeo,Fusion,Control de calidad"
339,410,NULL,7,"Moldeo,Fusion,Control de calidad"
340,411,NULL,7,"Moldeo,Fusion,Control de calidad"
341,412,NULL,7,"Moldeo,Fusion,Control de calidad"
342,413,NULL,7,"Moldeo,Fusion,Control de calidad"
343,414,NULL,7,"Moldeo,Fusion,Control de calidad"
344,415,NULL,7,"Moldeo,Fusion,Control de calidad"
345,416,NULL,7,"Moldeo,Fusion,Control de calidad"
346,417,NULL,7,"Moldeo,Fusion,Control de calidad"
347,418,NULL,7,"Moldeo,Fusion,Control de calidad"
348,419,NULL,7,"Moldeo,Fusion,Control de calidad"
349,420,NULL,7,"Moldeo,Fusion,Control de calidad"
350,421,NULL,7,"Moldeo,Fusion,Control de calidad"
351,422,NULL,7,"Moldeo,Fusion,Control de calidad"
352,423,NULL,7,"Moldeo,Fusion,Control de calidad"
353,424,NULL,7,"Moldeo,Fusion,Control de calidad"
354,425,NULL,7,"Moldeo,Fusion,Control de calidad"
355,426,NULL,7,"Moldeo,Fusion,Control de calidad"
356,427,NULL,7,"Moldeo,Fusion,Control de calidad"
357,428,NULL,7,"Moldeo,Fusion,Control de calidad"
358,429,NULL,7,"Moldeo,Fusion,Control de calidad"
359,430,NULL,7,"Moldeo,Fusion,Control de calidad"
360,431,NULL,7,"Moldeo,Fusion,Control de calidad"
361,432,NULL,7,"Moldeo,Fusion,Control de calidad"
362,433,NULL,7,"Moldeo,Fusion,Control de calidad"
363,434,NULL,7,"Moldeo,Fusion,Control de calidad"
364,435,NULL,7,"Moldeo,Fusion,Control de calidad"
365,436,NULL,7,"Moldeo,Fusion,Control de calidad"
366,437,NULL,7,"Moldeo,Fusion,Control de calidad"
367,438,NULL,7,"Moldeo,Fusion,Control de calidad"
368,439,NULL,7,"Moldeo,Fusion,Control de calidad"
369,440,NULL,7,"Moldeo,Fusion,Control de calidad"
370,441,NULL,7,"Moldeo,Fusion,Control de calidad"
371,442,NULL,7,"Moldeo,Fusion,Control de calidad"
372,443,NULL,7,"Moldeo,Fusion,Control de calidad"
373,444,NULL,7,"Moldeo,Fusion,Control de calidad"
374,445,NULL,7,"Moldeo,Fusion,Control de calidad"
375,446,NULL,7,"Moldeo,Fusion,Control de calidad"
376,447,NULL,7,"Moldeo,Fusion,Control de calidad"
377,448,NULL,7,"Moldeo,Fusion,Control de calidad"
378,449,NULL,7,"Moldeo,Fusion,Control de calidad"
379,450,NULL,7,"Moldeo,Fusion,Control de calidad"
380,451,NULL,7,"Moldeo,Fusion,Control de calidad"
381,452,NULL,7,"Moldeo,Fusion,Control de calidad"
382,453,NULL,7,"Moldeo,Fusion,Control de calidad"
383,454,NULL,7,"Moldeo,Fusion,Control de calidad"
384,455,NULL,7,"Moldeo,Fusion,Control de calidad"
385,456,NULL,7,"Moldeo,Fusion,Control de calidad"
386,457,NULL,7,"Moldeo,Fusion,Control de calidad"
387,458,NULL,7,"Moldeo,Fusion,Control de calidad"
388,459,NULL,7,"Moldeo,Fusion,Control de calidad"
389,460,NULL,7,"Moldeo,Fusion,Control de calidad"
390,461,NULL,7,"Moldeo,Fusion,Control de calidad"
391,462,NULL,7,"Moldeo,Fusion,Control de calidad"
392,463,NULL,7,"Moldeo,Fusion,Control de calidad"
393,464,NULL,7,"Moldeo,Fusion,Control de calidad"
394,465,NULL,7,"Moldeo,Fusion,Control de calidad"
395,466,NULL,7,"Moldeo,Fusion,Control de calidad"
396,467,NULL,7,"Moldeo,Fusion,Control de calidad"
397,468,NULL,7,"Moldeo,Fusion,Control de calidad"
398,469,NULL,7,"Moldeo,Fusion,Control de calidad"
399,470,NULL,7,"Moldeo,Fusion,Control de calidad"
400,471,NULL,7,"Moldeo,Fusion,Control de calidad"
401,472,NULL,7,"Moldeo,Fusion,Control de calidad"
402,473,NULL,7,"Moldeo,Fusion,Control de calidad"
403,474,NULL,7,"Moldeo,Fusion,Control de calidad"
404,475,NULL,7,"Moldeo,Fusion,Control de calidad"
405,476,NULL,7,"Moldeo,Fusion,Control de calidad"
406,477,NULL,7,"Moldeo,Fusion,Control de calidad"
407,478,NULL,7,"Moldeo,Fusion,Control de calidad"
408,479,NULL,7,"Moldeo,Fusion,Control de calidad"
409,480,NULL,7,"Moldeo,Fusion,Control de calidad"
410,481,NULL,7,"Moldeo,Fusion,Control de calidad"
411,482,NULL,7,"Moldeo,Fusion,Control de calidad"
412,483,NULL,7,"Moldeo,Fusion,Control de calidad"
413,484,NULL,7,"Moldeo,Fusion,Control de calidad"
414,485,NULL,7,"Moldeo,Fusion,Control de calidad"
415,486,NULL,7,"Moldeo,Fusion,Control de calidad"
416,487,NULL,7,"Moldeo,Fusion,Control de calidad"
417,488,NULL,7,"Moldeo,Fusion,Control de calidad"
418,489,NULL,7,"Moldeo,Fusion,Control de calidad"
419,490,NULL,7,"Moldeo,Fusion,Control de calidad"
420,491,NULL,7,"Moldeo,Fusion,Control de calidad"
421,492,NULL,7,"Moldeo,Fusion,Control de calidad"
422,493,NULL,7,"Moldeo,Fusion,Control de calidad"
423,494,NULL,7,"Moldeo,Fusion,Control de calidad"
424,495,NULL,7,"Moldeo,Fusion,Control de calidad"
425,496,NULL,7,"Moldeo,Fusion,Control de calidad"
426,497,NULL,7,"Moldeo,Fusion,Control de calidad"
427,498,NULL,7,"Moldeo,Fusion,Control de calidad"
428,499,NULL,7,"Moldeo,Fusion,Control de calidad"
429,500,NULL,7,"Moldeo,Fusion,Control de calidad"
430,501,NULL,7,"Moldeo,Fusion,Control de calidad"
431,502,NULL,7,"Moldeo,Fusion,Control de calidad"
432,503,NULL,7,"Moldeo,Fusion,Control de calidad"
433,504,NULL,7,"Moldeo,Fusion,Control de calidad"
434,505,NULL,7,"Moldeo,Fusion,Control de calidad"
435,506,NULL,7,"Moldeo,Fusion,Control de calidad"
436,507,NULL,7,"Moldeo,Fusion,Control de calidad"
437,508,NULL,7,"Moldeo,Fusion,Control de calidad"
438,509,NULL,7,"Moldeo,Fusion,Control de calidad"
439,510,NULL,7,"Moldeo,Fusion,Control de calidad"
440,511,NULL,7,"Moldeo,Fusion,Control de calidad"
441,512,NULL,7,"Moldeo,Fusion,Control de calidad"
442,513,NULL,7,"Moldeo,Fusion,Control de calidad"
443,514,NULL,7,"Moldeo,Fusion,Control de calidad"
444,515,NULL,7,"Moldeo,Fusion,Control de calidad"
445,516,NULL,7,"Moldeo,Fusion,Control de calidad"
446,517,NULL,7,"Moldeo,Fusion,Control de calidad"
447,518,NULL,7,"Moldeo,Fusion,Control de calidad"
448,519,NULL,7,"Moldeo,Fusion,Control de calidad"
449,520,NULL,7,"Moldeo,Fusion,Control de calidad"
450,521,NULL,7,"Moldeo,Fusion,Control de calidad"
451,522,NULL,7,"Moldeo,Fusion,Control de calidad"
452,523,NULL,7,"Moldeo,Fusion,Control de calidad"
453,524,NULL,7,"Moldeo,Fusion,Control de calidad"
454,525,NULL,7,"Moldeo,Fusion,Control de calidad"
455,526,NULL,7,"Moldeo,Fusion,Control de calidad"
456,527,NULL,7,"Moldeo,Fusion,Control de calidad"
457,528,NULL,7,"Moldeo,Fusion,Control de calidad"
458,529,NULL,7,"Moldeo,Fusion,Control de calidad"
459,530,NULL,7,"Moldeo,Fusion,Control de calidad"
460,531,NULL,7,"Moldeo,Fusion,Control de calidad"
461,532,NULL,7,"Moldeo,Fusion,Control de calidad"
462,533,NULL,7,"Moldeo,Fusion,Control de calidad"
463,534,NULL,7,"Moldeo,Fusion,Control de calidad"
464,535,NULL,7,"Moldeo,Fusion,Control de calidad"
465,536,NULL,7,"Moldeo,Fusion,Control de calidad"
466,537,NULL,7,"Moldeo,Fusion,Control de calidad"
467,538,NULL,7,"Moldeo,Fusion,Control de calidad"
468,539,NULL,7,"Moldeo,Fusion,Control de calidad"
469,540,NULL,7,"Moldeo,Fusion,Control de calidad"
470,541,NULL,7,"Moldeo,Fusion,Control de calidad"
471,542,NULL,7,"Moldeo,Fusion,Control de calidad"
472,543,NULL,7,"Moldeo,Fusion,Control de calidad"
473,544,NULL,7,"Moldeo,Fusion,Control de calidad"
474,545,NULL,7,"Moldeo,Fusion,Control de calidad"
475,546,NULL,7,"Moldeo,Fusion,Control de calidad"
476,547,NULL,7,"Moldeo,Fusion,Control de calidad"
477,548,NULL,7,"Moldeo,Fusion,Control de calidad"
478,549,NULL,7,"Moldeo,Fusion,Control de calidad"
479,550,NULL,7,"Moldeo,Fusion,Control de calidad"
480,551,NULL,7,"Moldeo,Fusion,Control de calidad"
481,552,NULL,7,"Moldeo,Fusion,Control de calidad"
482,553,NULL,7,"Moldeo,Fusion,Control de calidad"
483,554,NULL,7,"Moldeo,Fusion,Control de calidad"
484,555,NULL,7,"Moldeo,Fusion,Control de calidad"
485,556,NULL,7,"Moldeo,Fusion,Control de calidad"
486,557,NULL,7,"Moldeo,Fusion,Control de calidad"
487,558,NULL,7,"Moldeo,Fusion,Control de calidad"
488,559,NULL,7,"Moldeo,Fusion,Control de calidad"
489,560,NULL,7,"Moldeo,Fusion,Control de calidad"
490,561,NULL,7,"Moldeo,Fusion,Control de calidad"
491,562,NULL,7,"Moldeo,Fusion,Control de calidad"
492,563,NULL,7,"Moldeo,Fusion,Control de calidad"
493,564,NULL,7,"Moldeo,Fusion,Control de calidad"
494,565,NULL,7,"Moldeo,Fusion,Control de calidad"
495,566,NULL,7,"Moldeo,Fusion,Control de calidad"
496,567,NULL,7,"Moldeo,Fusion,Control de calidad"
497,568,NULL,7,"Moldeo,Fusion,Control de calidad"
498,569,NULL,7,"Moldeo,Fusion,Control de calidad"
499,570,NULL,7,"Moldeo,Fusion,Control de calidad"
500,571,NULL,7,"Moldeo,Fusion,Control de calidad"
501,572,NULL,7,"Moldeo,Fusion,Control de calidad"
502,573,NULL,7,"Moldeo,Fusion,Control de calidad"
503,574,NULL,7,"Moldeo,Fusion,Control de calidad"
504,575,NULL,7,"Moldeo,Fusion,Control de calidad"
505,576,NULL,7,"Moldeo,Fusion,Control de calidad"
506,577,NULL,7,"Moldeo,Fusion,Control de calidad"
507,578,NULL,7,"Moldeo,Fusion,Control de calidad"
508,579,NULL,7,"Moldeo,Fusion,Control de calidad"
509,580,NULL,7,"Moldeo,Fusion,Control de calidad"
510,581,NULL,7,"Moldeo,Fusion,Control de calidad"
511,582,NULL,7,"Moldeo,Fusion,Control de calidad"
512,583,NULL,7,"Moldeo,Fusion,Control de calidad"
513,584,NULL,7,"Moldeo,Fusion,Control de calidad"
514,585,NULL,7,"Moldeo,Fusion,Control de calidad"
515,586,NULL,7,"Moldeo,Fusion,Control de calidad"
516,587,NULL,7,"Moldeo,Fusion,Control de calidad"
517,588,NULL,7,"Moldeo,Fusion,Control de calidad"
518,589,NULL,7,"Moldeo,Fusion,Control de calidad"
519,590,NULL,7,"Moldeo,Fusion,Control de calidad"
520,591,NULL,7,"Moldeo,Fusion,Control de calidad"
521,592,NULL,7,"Moldeo,Fusion,Control de calidad"
522,593,NULL,7,"Moldeo,Fusion,Control de calidad"
523,594,NULL,7,"Moldeo,Fusion,Control de calidad"
524,595,NULL,7,"Moldeo,Fusion,Control de calidad"
525,596,NULL,7,"Moldeo,Fusion,Control de calidad"
526,597,NULL,7,"Moldeo,Fusion,Control de calidad"
527,598,NULL,7,"Moldeo,Fusion,Control de calidad"
528,599,NULL,7,"Moldeo,Fusion,Control de calidad"
529,600,NULL,7,"Moldeo,Fusion,Control de calidad"
530,601,NULL,7,"Moldeo,Fusion,Control de calidad"
531,602,NULL,7,"Moldeo,Fusion,Control de calidad"
532,603,NULL,7,"Moldeo,Fusion,Control de calidad"
533,604,NULL,7,"Moldeo,Fusion,Control de calidad"
534,605,NULL,7,"Moldeo,Fusion,Control de calidad"
535,606,NULL,7,"Moldeo,Fusion,Control de calidad"
536,607,NULL,7,"Moldeo,Fusion,Control de calidad"
537,608,NULL,7,"Moldeo,Fusion,Control de calidad"
538,609,NULL,7,"Moldeo,Fusion,Control de calidad"
539,610,NULL,7,"Moldeo,Fusion,Control de calidad"
540,611,NULL,7,"Moldeo,Fusion,Control de calidad"
541,612,NULL,7,"Moldeo,Fusion,Control de calidad"
542,613,NULL,7,"Moldeo,Fusion,Control de calidad"
543,614,NULL,7,"Moldeo,Fusion,Control de calidad"
544,615,NULL,7,"Moldeo,Fusion,Control de calidad"
545,616,NULL,7,"Moldeo,Fusion,Control de calidad"
546,617,NULL,7,"Moldeo,Fusion,Control de calidad"
547,618,NULL,7,"Moldeo,Fusion,Control de calidad"
548,619,NULL,7,"Moldeo,Fusion,Control de calidad"
549,620,NULL,7,"Moldeo,Fusion,Control de calidad"
550,621,NULL,7,"Moldeo,Fusion,Control de calidad"
551,622,NULL,7,"Moldeo,Fusion,Control de calidad"
552,623,NULL,7,"Moldeo,Fusion,Control de calidad"
553,624,NULL,7,"Moldeo,Fusion,Control de calidad"
554,625,NULL,7,"Moldeo,Fusion,Control de calidad"
555,626,NULL,7,"Moldeo,Fusion,Control de calidad"
556,627,NULL,7,"Moldeo,Fusion,Control de calidad"
557,628,NULL,7,"Moldeo,Fusion,Control de calidad"
558,629,NULL,7,"Moldeo,Fusion,Control de calidad"
559,630,NULL,7,"Moldeo,Fusion,Control de calidad"
560,631,NULL,7,"Moldeo,Fusion,Control de calidad"
561,632,NULL,7,"Moldeo,Fusion,Control de calidad"
562,633,NULL,7,"Moldeo,Fusion,Control de calidad"
563,634,NULL,7,"Moldeo,Fusion,Control de calidad"
564,635,NULL,7,"Moldeo,Fusion,Control de calidad"
565,636,NULL,7,"Moldeo,Fusion,Control de calidad"
566,637,NULL,7,"Moldeo,Fusion,Control de calidad"
567,638,NULL,7,"Moldeo,Fusion,Control de calidad"
568,639,NULL,7,"Moldeo,Fusion,Control de calidad"
569,640,NULL,7,"Moldeo,Fusion,Control de calidad"
570,641,NULL,7,"Moldeo,Fusion,Control de calidad"
571,642,NULL,7,"Moldeo,Fusion,Control de calidad"
572,643,NULL,7,"Moldeo,Fusion,Control de calidad"
573,644,NULL,7,"Moldeo,Fusion,Control de calidad"
574,645,NULL,7,"Moldeo,Fusion,Control de calidad"
575,646,NULL,7,"Moldeo,Fusion,Control de calidad"
576,647,NULL,7,"Moldeo,Fusion,Control de calidad"
577,648,NULL,7,"Moldeo,Fusion,Control de calidad"
578,649,NULL,7,"Moldeo,Fusion,Control de calidad"
579,650,NULL,7,"Moldeo,Fusion,Control de calidad"
580,651,NULL,7,"Moldeo,Fusion,Control de calidad"
581,652,NULL,7,"Moldeo,Fusion,Control de calidad"
582,653,NULL,7,"Moldeo,Fusion,Control de calidad"
583,654,NULL,7,"Moldeo,Fusion,Control de calidad"
584,655,NULL,7,"Moldeo,Fusion,Control de calidad"
585,656,NULL,7,"Moldeo,Fusion,Control de calidad"
586,657,NULL,7,"Moldeo,Fusion,Control de calidad"
587,658,NULL,7,"Moldeo,Fusion,Control de calidad"
588,659,NULL,7,"Moldeo,Fusion,Control de calidad"
589,660,NULL,7,"Moldeo,Fusion,Control de calidad"
590,661,NULL,7,"Moldeo,Fusion,Control de calidad"
591,662,NULL,7,"Moldeo,Fusion,Control de calidad"
592,663,NULL,7,"Moldeo,Fusion,Control de calidad"
593,664,NULL,7,"Moldeo,Fusion,Control de calidad"
594,665,NULL,7,"Moldeo,Fusion,Control de calidad"
595,666,NULL,7,"Moldeo,Fusion,Control de calidad"
596,667,NULL,7,"Moldeo,Fusion,Control de calidad"
597,668,NULL,7,"Moldeo,Fusion,Control de calidad"
598,669,NULL,7,"Moldeo,Fusion,Control de calidad"
599,670,NULL,7,"Moldeo,Fusion,Control de calidad"
600,671,NULL,7,"Moldeo,Fusion,Control de calidad"
601,672,NULL,7,"Moldeo,Fusion,Control de calidad"
602,673,NULL,7,"Moldeo,Fusion,Control de calidad"
603,674,NULL,7,"Moldeo,Fusion,Control de calidad"
604,675,NULL,7,"Moldeo,Fusion,Control de calidad"
605,676,NULL,7,"Moldeo,Fusion,Control de calidad"
606,677,NULL,7,"Moldeo,Fusion,Control de calidad"
607,678,NULL,7,"Moldeo,Fusion,Control de calidad"
608,679,NULL,7,"Moldeo,Fusion,Control de calidad"
609,680,NULL,7,"Moldeo,Fusion,Control de calidad"
610,681,NULL,7,"Moldeo,Fusion,Control de calidad"
611,682,NULL,7,"Moldeo,Fusion,Control de calidad"
612,683,NULL,7,"Moldeo,Fusion,Control de calidad"
613,684,NULL,7,"Moldeo,Fusion,Control de calidad"
614,685,NULL,7,"Moldeo,Fusion,Control de calidad"
615,686,NULL,7,"Moldeo,Fusion,Control de calidad"
616,687,NULL,7,"Moldeo,Fusion,Control de calidad"
617,688,NULL,7,"Moldeo,Fusion,Control de calidad"
618,689,NULL,7,"Moldeo,Fusion,Control de calidad"
619,690,NULL,7,"Moldeo,Fusion,Control de calidad"
620,691,NULL,7,"Moldeo,Fusion,Control de calidad"
621,692,NULL,7,"Moldeo,Fusion,Control de calidad"
622,693,NULL,7,"Moldeo,Fusion,Control de calidad"
623,694,NULL,7,"Moldeo,Fusion,Control de calidad"
624,695,NULL,7,"Moldeo,Fusion,Control de calidad"
625,696,NULL,7,"Moldeo,Fusion,Control de calidad"
626,697,NULL,7,"Moldeo,Fusion,Control de calidad"
627,698,NULL,7,"Moldeo,Fusion,Control de calidad"
628,699,NULL,7,"Moldeo,Fusion,Control de calidad"
629,700,NULL,7,"Moldeo,Fusion,Control de calidad"
630,701,NULL,7,"Moldeo,Fusion,Control de calidad"
631,702,NULL,7,"Moldeo,Fusion,Control de calidad"
632,703,NULL,7,"Moldeo,Fusion,Control de calidad"
633,704,NULL,7,"Moldeo,Fusion,Control de calidad"
634,705,NULL,7,"Moldeo,Fusion,Control de calidad"
635,706,NULL,7,"Moldeo,Fusion,Control de calidad"
636,707,NULL,7,"Moldeo,Fusion,Control de calidad"
637,708,NULL,7,"Moldeo,Fusion,Control de calidad"
638,709,NULL,7,"Moldeo,Fusion,Control de calidad"
639,710,NULL,7,"Moldeo,Fusion,Control de calidad"
640,711,NULL,7,"Moldeo,Fusion,Control de calidad"
641,712,NULL,7,"Moldeo,Fusion,Control de calidad"
642,713,NULL,7,"Moldeo,Fusion,Control de calidad"
643,714,NULL,7,"Moldeo,Fusion,Control de calidad"
644,715,NULL,7,"Moldeo,Fusion,Control de calidad"
645,716,NULL,7,"Moldeo,Fusion,Control de calidad"
646,717,NULL,7,"Moldeo,Fusion,Control de calidad"
647,718,NULL,7,"Moldeo,Fusion,Control de calidad"
648,719,NULL,7,"Moldeo,Fusion,Control de calidad"
649,720,NULL,7,"Moldeo,Fusion,Control de calidad"
650,721,NULL,7,"Moldeo,Fusion,Control de calidad"
651,722,NULL,7,"Moldeo,Fusion,Control de calidad"
652,723,NULL,7,"Moldeo,Fusion,Control de calidad"
653,724,NULL,7,"Moldeo,Fusion,Control de calidad"
654,725,NULL,7,"Moldeo,Fusion,Control de calidad"
655,726,NULL,7,"Moldeo,Fusion,Control de calidad"
656,727,NULL,7,"Moldeo,Fusion,Control de calidad"
657,728,NULL,7,"Moldeo,Fusion,Control de calidad"
658,729,NULL,7,"Moldeo,Fusion,Control de calidad"
659,730,NULL,7,"Moldeo,Fusion,Control de calidad"
660,731,NULL,7,"Moldeo,Fusion,Control de calidad"
661,732,NULL,7,"Moldeo,Fusion,Control de calidad"
662,733,NULL,7,"Moldeo,Fusion,Control de calidad"
663,734,NULL,7,"Moldeo,Fusion,Control de calidad"
664,735,NULL,7,"Moldeo,Fusion,Control de calidad"
665,736,NULL,7,"Moldeo,Fusion,Control de calidad"
666,737,NULL,7,"Moldeo,Fusion,Control de calidad"
667,738,NULL,7,"Moldeo,Fusion,Control de calidad"
668,739,NULL,7,"Moldeo,Fusion,Control de calidad"
669,740,NULL,7,"Moldeo,Fusion,Control de calidad"
670,741,NULL,7,"Moldeo,Fusion,Control de calidad"
671,742,NULL,7,"Moldeo,Fusion,Control de calidad"
672,743,NULL,7,"Moldeo,Fusion,Control de calidad"
673,744,NULL,7,"Moldeo,Fusion,Control de calidad"
674,745,NULL,7,"Moldeo,Fusion,Control de calidad"
675,746,NULL,7,"Moldeo,Fusion,Control de calidad"
676,747,NULL,7,"Moldeo,Fusion,Control de calidad"
677,748,NULL,7,"Moldeo,Fusion,Control de calidad"
678,749,NULL,7,"Moldeo,Fusion,Control de calidad"
679,750,NULL,7,"Moldeo,Fusion,Control de calidad"
680,751,NULL,7,"Moldeo,Fusion,Control de calidad"
681,752,NULL,7,"Moldeo,Fusion,Control de calidad"
682,753,NULL,7,"Moldeo,Fusion,Control de calidad"
683,754,NULL,7,"Moldeo,Fusion,Control de calidad"
684,755,NULL,7,"Moldeo,Fusion,Control de calidad"
685,756,NULL,7,"Moldeo,Fusion,Control de calidad"
686,757,NULL,7,"Moldeo,Fusion,Control de calidad"
687,758,NULL,7,"Moldeo,Fusion,Control de calidad"
688,759,NULL,7,"Moldeo,Fusion,Control de calidad"
689,760,NULL,7,"Moldeo,Fusion,Control de calidad"
690,761,NULL,7,"Moldeo,Fusion,Control de calidad"
691,762,NULL,7,"Moldeo,Fusion,Control de calidad"
692,763,NULL,7,"Moldeo,Fusion,Control de calidad"
693,764,NULL,7,"Moldeo,Fusion,Control de calidad"
694,765,NULL,7,"Moldeo,Fusion,Control de calidad"
695,766,NULL,7,"Moldeo,Fusion,Control de calidad"
696,767,NULL,7,"Moldeo,Fusion,Control de calidad"
697,768,NULL,7,"Moldeo,Fusion,Control de calidad"
698,769,NULL,7,"Moldeo,Fusion,Control de calidad"
699,770,NULL,7,"Moldeo,Fusion,Control de calidad"
700,771,NULL,7,"Moldeo,Fusion,Control de calidad"
701,772,NULL,7,"Moldeo,Fusion,Control de calidad"
702,773,NULL,7,"Moldeo,Fusion,Control de calidad"
703,774,NULL,7,"Moldeo,Fusion,Control de calidad"
704,775,NULL,7,"Moldeo,Fusion,Control de calidad"
705,776,NULL,7,"Moldeo,Fusion,Control de calidad"
706,777,NULL,7,"Moldeo,Fusion,Control de calidad"
707,778,NULL,7,"Moldeo,Fusion,Control de calidad"
708,779,NULL,7,"Moldeo,Fusion,Control de calidad"
709,780,NULL,7,"Moldeo,Fusion,Control de calidad"
710,781,NULL,7,"Moldeo,Fusion,Control de calidad"
711,782,NULL,7,"Moldeo,Fusion,Control de calidad"
712,783,NULL,7,"Moldeo,Fusion,Control de calidad"
713,784,NULL,7,"Moldeo,Fusion,Control de calidad"
714,785,NULL,7,"Moldeo,Fusion,Control de calidad"
715,786,NULL,7,"Moldeo,Fusion,Control de calidad"
716,787,NULL,7,"Moldeo,Fusion,Control de calidad"
717,788,NULL,7,"Moldeo,Fusion,Control de calidad"
718,789,NULL,7,"Moldeo,Fusion,Control de calidad"
719,790,NULL,7,"Moldeo,Fusion,Control de calidad"
720,791,NULL,7,"Moldeo,Fusion,Control de calidad"
721,792,NULL,7,"Moldeo,Fusion,Control de calidad"
722,793,NULL,7,"Moldeo,Fusion,Control de calidad"
723,794,NULL,7,"Moldeo,Fusion,Control de calidad"
724,795,NULL,7,"Moldeo,Fusion,Control de calidad"
725,796,NULL,7,"Moldeo,Fusion,Control de calidad"
726,797,NULL,7,"Moldeo,Fusion,Control de calidad"
727,798,NULL,7,"Moldeo,Fusion,Control de calidad"
728,799,NULL,7,"Moldeo,Fusion,Control de calidad"
729,800,NULL,7,"Moldeo,Fusion,Control de calidad"
730,801,NULL,7,"Moldeo,Fusion,Control de calidad"
731,802,NULL,7,"Moldeo,Fusion,Control de calidad"
732,803,NULL,7,"Moldeo,Fusion,Control de calidad"
733,804,NULL,7,"Moldeo,Fusion,Control de calidad"
734,805,NULL,7,"Moldeo,Fusion,Control de calidad"
735,806,NULL,7,"Moldeo,Fusion,Control de calidad"
736,807,NULL,7,"Moldeo,Fusion,Control de calidad"
737,808,NULL,7,"Moldeo,Fusion,Control de calidad"
738,809,NULL,7,"Moldeo,Fusion,Control de calidad"
739,810,NULL,7,"Moldeo,Fusion,Control de calidad"
740,811,NULL,7,"Moldeo,Fusion,Control de calidad"
741,812,NULL,7,"Moldeo,Fusion,Control de calidad"
742,813,NULL,7,"Moldeo,Fusion,Control de calidad"
743,814,NULL,7,"Moldeo,Fusion,Control de calidad"
744,815,NULL,7,"Moldeo,Fusion,Control de calidad"
745,816,NULL,7,"Moldeo,Fusion,Control de calidad"
746,817,NULL,7,"Moldeo,Fusion,Control de calidad"
747,818,NULL,7,"Moldeo,Fusion,Control de calidad"
748,819,NULL,7,"Moldeo,Fusion,Control de calidad"
749,820,NULL,7,"Moldeo,Fusion,Control de calidad"
750,821,NULL,7,"Moldeo,Fusion,Control de calidad"
751,822,NULL,7,"Moldeo,Fusion,Control de calidad"
752,823,NULL,7,"Moldeo,Fusion,Control de calidad"
753,824,NULL,7,"Moldeo,Fusion,Control de calidad"
754,825,NULL,7,"Moldeo,Fusion,Control de calidad"
755,826,NULL,7,"Moldeo,Fusion,Control de calidad"
756,827,NULL,7,"Moldeo,Fusion,Control de calidad"
757,828,NULL,7,"Moldeo,Fusion,Control de calidad"
758,829,NULL,7,"Moldeo,Fusion,Control de calidad"
759,830,NULL,7,"Moldeo,Fusion,Control de calidad"
760,831,NULL,7,"Moldeo,Fusion,Control de calidad"
761,832,NULL,7,"Moldeo,Fusion,Control de calidad"
762,833,NULL,7,"Moldeo,Fusion,Control de calidad"
763,834,NULL,7,"Moldeo,Fusion,Control de calidad"
764,835,NULL,7,"Moldeo,Fusion,Control de calidad"
765,836,NULL,7,"Moldeo,Fusion,Control de calidad"
766,837,NULL,7,"Moldeo,Fusion,Control de calidad"
767,838,NULL,7,"Moldeo,Fusion,Control de calidad"
768,839,NULL,7,"Moldeo,Fusion,Control de calidad"
769,840,NULL,7,"Moldeo,Fusion,Control de calidad"
770,841,NULL,7,"Moldeo,Fusion,Control de calidad"
771,842,NULL,7,"Moldeo,Fusion,Control de calidad"
772,843,NULL,7,"Moldeo,Fusion,Control de calidad"
773,844,NULL,7,"Moldeo,Fusion,Control de calidad"
774,845,NULL,7,"Moldeo,Fusion,Control de calidad"
775,846,NULL,7,"Moldeo,Fusion,Control de calidad"
776,847,NULL,7,"Moldeo,Fusion,Control de calidad"
777,848,NULL,7,"Moldeo,Fusion,Control de calidad"
778,849,NULL,7,"Moldeo,Fusion,Control de calidad"
779,850,NULL,7,"Moldeo,Fusion,Control de calidad"
780,851,NULL,7,"Moldeo,Fusion,Control de calidad"
781,852,NULL,7,"Moldeo,Fusion,Control de calidad"
782,853,NULL,7,"Moldeo,Fusion,Control de calidad"
783,854,NULL,7,"Moldeo,Fusion,Control de calidad"
784,855,NULL,7,"Moldeo,Fusion,Control de calidad"
785,856,NULL,7,"Moldeo,Fusion,Control de calidad"
786,857,NULL,7,"Moldeo,Fusion,Control de calidad"
787,858,NULL,7,"Moldeo,Fusion,Control de calidad"
788,859,NULL,7,"Moldeo,Fusion,Control de calidad"
789,860,NULL,7,"Moldeo,Fusion,Control de calidad"
790,861,NULL,7,"Moldeo,Fusion,Control de calidad"
791,862,NULL,7,"Moldeo,Fusion,Control de calidad"
792,863,NULL,7,"Moldeo,Fusion,Control de calidad"
793,864,NULL,7,"Moldeo,Fusion,Control de calidad"
794,865,NULL,7,"Moldeo,Fusion,Control de calidad"
795,866,NULL,7,"Moldeo,Fusion,Control de calidad"
796,867,NULL,7,"Moldeo,Fusion,Control de calidad"
797,868,NULL,7,"Moldeo,Fusion,Control de calidad"
798,869,NULL,7,"Moldeo,Fusion,Control de calidad"
799,870,NULL,7,"Moldeo,Fusion,Control de calidad"
800,871,NULL,7,"Moldeo,Fusion,Control de calidad"
801,872,NULL,7,"Moldeo,Fusion,Control de calidad"
802,873,NULL,7,"Moldeo,Fusion,Control de calidad"
803,874,NULL,7,"Moldeo,Fusion,Control de calidad"
804,875,NULL,7,"Moldeo,Fusion,Control de calidad"
805,876,NULL,7,"Moldeo,Fusion,Control de calidad"
806,877,NULL,7,"Moldeo,Fusion,Control de calidad"
807,878,NULL,7,"Moldeo,Fusion,Control de calidad"
808,879,NULL,7,"Moldeo,Fusion,Control de calidad"
809,880,NULL,7,"Moldeo,Fusion,Control de calidad"
810,881,NULL,7,"Moldeo,Fusion,Control de calidad"
811,882,NULL,7,"Moldeo,Fusion,Control de calidad"
812,883,NULL,7,"Moldeo,Fusion,Control de calidad"
813,884,NULL,7,"Moldeo,Fusion,Control de calidad"
814,885,NULL,7,"Moldeo,Fusion,Control de calidad"
815,886,NULL,7,"Moldeo,Fusion,Control de calidad"
816,887,NULL,7,"Moldeo,Fusion,Control de calidad"
817,888,NULL,7,"Moldeo,Fusion,Control de calidad"
818,889,NULL,7,"Moldeo,Fusion,Control de calidad"
819,890,NULL,7,"Moldeo,Fusion,Control de calidad"
820,891,NULL,7,"Moldeo,Fusion,Control de calidad"
821,892,NULL,7,"Moldeo,Fusion,Control de calidad"
822,893,NULL,7,"Moldeo,Fusion,Control de calidad"
823,894,NULL,7,"Moldeo,Fusion,Control de calidad"
824,895,NULL,7,"Moldeo,Fusion,Control de calidad"
825,896,NULL,7,"Moldeo,Fusion,Control de calidad"
826,897,NULL,7,"Moldeo,Fusion,Control de calidad"
827,898,NULL,7,"Moldeo,Fusion,Control de calidad"
828,899,NULL,7,"Moldeo,Fusion,Control de calidad"
829,900,NULL,7,"Moldeo,Fusion,Control de calidad"
830,901,NULL,7,"Moldeo,Fusion,Control de calidad"
831,902,NULL,7,"Moldeo,Fusion,Control de calidad"
832,903,NULL,7,"Moldeo,Fusion,Control de calidad"
833,904,NULL,7,"Moldeo,Fusion,Control de calidad"
834,905,NULL,7,"Moldeo,Fusion,Control de calidad"
835,906,NULL,7,"Moldeo,Fusion,Control de calidad"
836,907,NULL,7,"Moldeo,Fusion,Control de calidad"
837,908,NULL,7,"Moldeo,Fusion,Control de calidad"
838,909,NULL,7,"Moldeo,Fusion,Control de calidad"
839,910,NULL,7,"Moldeo,Fusion,Control de calidad"
840,911,NULL,7,"Moldeo,Fusion,Control de calidad"
841,912,NULL,7,"Moldeo,Fusion,Control de calidad"
842,913,NULL,7,"Moldeo,Fusion,Control de calidad"
843,914,NULL,7,"Moldeo,Fusion,Control de calidad"
844,915,NULL,7,"Moldeo,Fusion,Control de calidad"
845,916,NULL,7,"Moldeo,Fusion,Control de calidad"
846,917,NULL,7,"Moldeo,Fusion,Control de calidad"
847,918,NULL,7,"Moldeo,Fusion,Control de calidad"
848,919,NULL,7,"Moldeo,Fusion,Control de calidad"
849,920,NULL,7,"Moldeo,Fusion,Control de calidad"
850,921,NULL,7,"Moldeo,Fusion,Control de calidad"
851,922,NULL,7,"Moldeo,Fusion,Control de calidad"
852,923,NULL,7,"Moldeo,Fusion,Control de calidad"
853,924,NULL,7,"Moldeo,Fusion,Control de calidad"
854,925,NULL,7,"Moldeo,Fusion,Control de calidad"
855,926,NULL,7,"Moldeo,Fusion,Control de calidad"
856,927,NULL,7,"Moldeo,Fusion,Control de calidad"
857,928,NULL,7,"Moldeo,Fusion,Control de calidad"
858,929,NULL,7,"Moldeo,Fusion,Control de calidad"
859,930,NULL,7,"Moldeo,Fusion,Control de calidad"
860,931,NULL,7,"Moldeo,Fusion,Control de calidad"
861,932,NULL,7,"Moldeo,Fusion,Control de calidad"
862,933,NULL,7,"Moldeo,Fusion,Control de calidad"
863,934,NULL,7,"Moldeo,Fusion,Control de calidad"
864,935,NULL,7,"Moldeo,Fusion,Control de calidad"
865,936,NULL,7,"Moldeo,Fusion,Control de calidad"
866,937,NULL,7,"Moldeo,Fusion,Control de calidad"
867,938,NULL,7,"Moldeo,Fusion,Control de calidad"
868,939,NULL,7,"Moldeo,Fusion,Control de calidad"
869,940,NULL,7,"Moldeo,Fusion,Control de calidad"
870,941,NULL,7,"Moldeo,Fusion,Control de calidad"
871,942,NULL,7,"Moldeo,Fusion,Control de calidad"
872,943,NULL,7,"Moldeo,Fusion,Control de calidad"
873,944,NULL,7,"Moldeo,Fusion,Control de calidad"
874,945,NULL,7,"Moldeo,Fusion,Control de calidad"
875,946,NULL,7,"Moldeo,Fusion,Control de calidad"
876,947,NULL,7,"Moldeo,Fusion,Control de calidad"
877,948,NULL,7,"Moldeo,Fusion,Control de calidad"
878,949,NULL,7,"Moldeo,Fusion,Control de calidad"
879,950,NULL,7,"Moldeo,Fusion,Control de calidad"
880,951,NULL,7,"Moldeo,Fusion,Control de calidad"
881,952,NULL,7,"Moldeo,Fusion,Control de calidad"
882,953,NULL,8,"Moldeo,Fusion,Control de calidad"
883,954,NULL,8,"Moldeo,Fusion,Control de calidad"
884,955,NULL,8,"Moldeo,Fusion,Control de calidad"
885,956,NULL,8,"Moldeo,Fusion,Control de calidad"
886,957,NULL,8,"Moldeo,Fusion,Control de calidad"
887,958,NULL,8,"Moldeo,Fusion,Control de calidad"
888,959,NULL,8,"Moldeo,Fusion,Control de calidad"
889,960,NULL,8,"Moldeo,Fusion,Control de calidad"
890,961,NULL,8,"Moldeo,Fusion,Control de calidad"
891,962,NULL,8,"Moldeo,Fusion,Control de calidad"
892,963,NULL,8,"Moldeo,Fusion,Control de calidad"
893,964,NULL,8,"Moldeo,Fusion,Control de calidad"
894,965,NULL,8,"Moldeo,Fusion,Control de calidad"
895,966,NULL,8,"Moldeo,Fusion,Control de calidad"
896,967,NULL,8,"Moldeo,Fusion,Control de calidad"
897,968,NULL,8,"Moldeo,Fusion,Control de calidad"
898,969,NULL,8,"Moldeo,Fusion,Control de calidad"
899,970,NULL,8,"Moldeo,Fusion,Control de calidad"
900,971,NULL,8,"Moldeo,Fusion,Control de calidad"
901,972,NULL,8,"Moldeo,Fusion,Control de calidad"
902,973,NULL,8,"Moldeo,Fusion,Control de calidad"
903,974,NULL,8,"Moldeo,Fusion,Control de calidad"
904,975,NULL,8,"Moldeo,Fusion,Control de calidad"
905,976,NULL,8,"Moldeo,Fusion,Control de calidad"
906,977,NULL,8,"Moldeo,Fusion,Control de calidad"
907,978,NULL,8,"Moldeo,Fusion,Control de calidad"
908,979,NULL,8,"Moldeo,Fusion,Control de calidad"
909,980,NULL,8,"Moldeo,Fusion,Control de calidad"
910,981,NULL,8,"Moldeo,Fusion,Control de calidad"
911,982,NULL,8,"Moldeo,Fusion,Control de calidad"
912,983,NULL,8,"Moldeo,Fusion,Control de calidad"
913,984,NULL,8,"Moldeo,Fusion,Control de calidad"
914,985,NULL,8,"Moldeo,Fusion,Control de calidad"
915,986,NULL,8,"Moldeo,Fusion,Control de calidad"
916,987,NULL,8,"Moldeo,Fusion,Control de calidad"
917,988,NULL,8,"Moldeo,Fusion,Control de calidad"
918,989,NULL,8,"Moldeo,Fusion,Control de calidad"
919,990,NULL,8,"Moldeo,Fusion,Control de calidad"
920,991,NULL,8,"Moldeo,Fusion,Control de calidad"
921,992,NULL,8,"Moldeo,Fusion,Control de calidad"
922,993,NULL,8,"Moldeo,Fusion,Control de calidad"
923,994,NULL,8,"Moldeo,Fusion,Control de calidad"
924,995,NULL,8,"Moldeo,Fusion,Control de calidad"
925,996,NULL,8,"Moldeo,Fusion,Control de calidad"
926,997,NULL,8,"Moldeo,Fusion,Control de calidad"
927,998,NULL,8,"Moldeo,Fusion,Control de calidad"
928,999,NULL,8,"Moldeo,Fusion,Control de calidad"
929,1000,NULL,8,"Moldeo,Fusion,Control de calidad"
930,1001,NULL,8,"Moldeo,Fusion,Control de calidad"
931,1002,NULL,8,"Moldeo,Fusion,Control de calidad"
932,1003,NULL,8,"Moldeo,Fusion,Control de calidad"
933,1004,NULL,8,"Moldeo,Fusion,Control de calidad"
934,1005,NULL,8,"Moldeo,Fusion,Control de calidad"
935,1006,NULL,8,"Moldeo,Fusion,Control de calidad"
936,1007,NULL,8,"Moldeo,Fusion,Control de calidad"
937,1008,NULL,8,"Moldeo,Fusion,Control de calidad"
938,1009,NULL,8,"Moldeo,Fusion,Control de calidad"
939,1010,NULL,8,"Moldeo,Fusion,Control de calidad"
940,1011,NULL,8,"Moldeo,Fusion,Control de calidad"
941,1012,NULL,8,"Moldeo,Fusion,Control de calidad"
942,1013,NULL,8,"Moldeo,Fusion,Control de calidad"
943,1014,NULL,8,"Moldeo,Fusion,Control de calidad"
944,1015,NULL,8,"Moldeo,Fusion,Control de calidad"
945,1016,NULL,8,"Moldeo,Fusion,Control de calidad"
946,1017,NULL,8,"Moldeo,Fusion,Control de calidad"
947,1018,NULL,8,"Moldeo,Fusion,Control de calidad"
948,1019,NULL,8,"Moldeo,Fusion,Control de calidad"
949,1020,NULL,8,"Moldeo,Fusion,Control de calidad"
950,1021,NULL,8,"Moldeo,Fusion,Control de calidad"
951,1022,NULL,8,"Moldeo,Fusion,Control de calidad"
952,1023,NULL,8,"Moldeo,Fusion,Control de calidad"
953,1024,NULL,8,"Moldeo,Fusion,Control de calidad"
954,1025,NULL,8,"Moldeo,Fusion,Control de calidad"
955,1026,NULL,8,"Moldeo,Fusion,Control de calidad"
956,1027,NULL,8,"Moldeo,Fusion,Control de calidad"
957,1028,NULL,8,"Moldeo,Fusion,Control de calidad"
958,1029,NULL,8,"Moldeo,Fusion,Control de calidad"
959,1030,NULL,8,"Moldeo,Fusion,Control de calidad"
960,1031,NULL,8,"Moldeo,Fusion,Control de calidad"
961,1032,NULL,8,"Moldeo,Fusion,Control de calidad"
962,1033,NULL,8,"Moldeo,Fusion,Control de calidad"
963,1034,NULL,8,"Moldeo,Fusion,Control de calidad"
964,1035,NULL,8,"Moldeo,Fusion,Control de calidad"
965,1036,NULL,8,"Moldeo,Fusion,Control de calidad"
966,1037,NULL,8,"Moldeo,Fusion,Control de calidad"
967,1038,NULL,8,"Moldeo,Fusion,Control de calidad"
968,1039,NULL,8,"Moldeo,Fusion,Control de calidad"
969,1040,NULL,8,"Moldeo,Fusion,Control de calidad"
970,1041,NULL,8,"Moldeo,Fusion,Control de calidad"
971,1042,NULL,8,"Moldeo,Fusion,Control de calidad"
972,1043,NULL,8,"Moldeo,Fusion,Control de calidad"
973,1044,NULL,8,"Moldeo,Fusion,Control de calidad"
974,1045,NULL,8,"Moldeo,Fusion,Control de calidad"
975,1046,NULL,8,"Moldeo,Fusion,Control de calidad"
976,1047,NULL,8,"Moldeo,Fusion,Control de calidad"
977,1048,NULL,8,"Moldeo,Fusion,Control de calidad"
978,1049,NULL,8,"Moldeo,Fusion,Control de calidad"
979,1050,NULL,8,"Moldeo,Fusion,Control de calidad"
980,1051,NULL,8,"Moldeo,Fusion,Control de calidad"
981,1052,NULL,8,"Moldeo,Fusion,Control de calidad"
982,1053,NULL,8,"Moldeo,Fusion,Control de calidad"
983,1054,NULL,8,"Moldeo,Fusion,Control de calidad"
984,1055,NULL,8,"Moldeo,Fusion,Control de calidad"
985,1056,NULL,8,"Moldeo,Fusion,Control de calidad"
986,1057,NULL,8,"Moldeo,Fusion,Control de calidad"
987,1058,NULL,8,"Moldeo,Fusion,Control de calidad"
988,1059,NULL,8,"Moldeo,Fusion,Control de calidad"
989,1060,NULL,8,"Moldeo,Fusion,Control de calidad"
990,1061,NULL,8,"Moldeo,Fusion,Control de calidad"
991,1062,NULL,8,"Moldeo,Fusion,Control de calidad"
992,1063,NULL,8,"Moldeo,Fusion,Control de calidad"
993,1064,NULL,8,"Moldeo,Fusion,Control de calidad"
994,1065,NULL,8,"Moldeo,Fusion,Control de calidad"
995,1066,NULL,8,"Moldeo,Fusion,Control de calidad"
996,1067,NULL,8,"Moldeo,Fusion,Control de calidad"
997,1068,NULL,8,"Moldeo,Fusion,Control de calidad"
998,1069,NULL,8,"Moldeo,Fusion,Control de calidad"
999,1070,NULL,8,"Moldeo,Fusion,Control de calidad"
1000,1071,NULL,8,"Moldeo,Fusion,Control de calidad"
1001,1072,NULL,8,"Moldeo,Fusion,Control de calidad"
1002,1073,NULL,8,"Moldeo,Fusion,Control de calidad"
1003,1074,NULL,8,"Moldeo,Fusion,Control de calidad"
1004,1075,NULL,8,"Moldeo,Fusion,Control de calidad"
1005,1076,NULL,8,"Moldeo,Fusion,Control de calidad"
1006,1077,NULL,8,"Moldeo,Fusion,Control de calidad"
1007,1078,NULL,8,"Moldeo,Fusion,Control de calidad"
1008,1079,NULL,8,"Moldeo,Fusion,Control de calidad"
1009,1080,NULL,8,"Moldeo,Fusion,Control de calidad"
1010,1081,NULL,8,"Moldeo,Fusion,Control de calidad"
1011,1082,NULL,8,"Moldeo,Fusion,Control de calidad"
1012,1083,NULL,8,"Moldeo,Fusion,Control de calidad"
1013,1084,NULL,8,"Moldeo,Fusion,Control de calidad"
1014,1085,NULL,8,"Moldeo,Fusion,Control de calidad"
1015,1086,NULL,8,"Moldeo,Fusion,Control de calidad"
1016,1087,NULL,8,"Moldeo,Fusion,Control de calidad"
1017,1088,NULL,8,"Moldeo,Fusion,Control de calidad"
1018,1089,NULL,8,"Moldeo,Fusion,Control de calidad"
1019,1090,NULL,8,"Moldeo,Fusion,Control de calidad"
1020,1091,NULL,8,"Moldeo,Fusion,Control de calidad"
1021,1092,NULL,8,"Moldeo,Fusion,Control de calidad"
1022,1093,NULL,8,"Moldeo,Fusion,Control de calidad"
1023,1094,NULL,8,"Moldeo,Fusion,Control de calidad"
1024,1095,NULL,8,"Moldeo,Fusion,Control de calidad"
1025,1096,NULL,8,"Moldeo,Fusion,Control de calidad"
1026,1097,NULL,8,"Moldeo,Fusion,Control de calidad"
1027,1098,NULL,8,"Moldeo,Fusion,Control de calidad"
1028,1099,NULL,8,"Moldeo,Fusion,Control de calidad"
1029,1100,NULL,8,"Moldeo,Fusion,Control de calidad"
1030,1101,NULL,8,"Moldeo,Fusion,Control de calidad"
1031,1102,NULL,8,"Moldeo,Fusion,Control de calidad"
1032,1103,NULL,8,"Moldeo,Fusion,Control de calidad"
1033,1104,NULL,8,"Moldeo,Fusion,Control de calidad"
1034,1105,NULL,8,"Moldeo,Fusion,Control de calidad"
1035,1106,NULL,8,"Moldeo,Fusion,Control de calidad"
1036,1107,NULL,8,"Moldeo,Fusion,Control de calidad"
1037,1108,NULL,8,"Moldeo,Fusion,Control de calidad"
1038,1109,NULL,8,"Moldeo,Fusion,Control de calidad"
1039,1110,NULL,8,"Moldeo,Fusion,Control de calidad"
1040,1111,NULL,8,"Moldeo,Fusion,Control de calidad"
1041,1112,NULL,8,"Moldeo,Fusion,Control de calidad"
1042,1113,NULL,8,"Moldeo,Fusion,Control de calidad"
1043,1114,NULL,8,"Moldeo,Fusion,Control de calidad"
1044,1115,NULL,8,"Moldeo,Fusion,Control de calidad"
1045,1116,NULL,8,"Moldeo,Fusion,Control de calidad"
1046,1117,NULL,8,"Moldeo,Fusion,Control de calidad"
1047,1118,NULL,8,"Moldeo,Fusion,Control de calidad"
1048,1119,NULL,8,"Moldeo,Fusion,Control de calidad"
1049,1120,NULL,8,"Moldeo,Fusion,Control de calidad"
1050,1121,NULL,8,"Moldeo,Fusion,Control de calidad"
1051,1122,NULL,8,"Moldeo,Fusion,Control de calidad"
1052,1123,NULL,8,"Moldeo,Fusion,Control de calidad"
1053,1124,NULL,8,"Moldeo,Fusion,Control de calidad"
1054,1125,NULL,8,"Moldeo,Fusion,Control de calidad"
1055,1126,NULL,8,"Moldeo,Fusion,Control de calidad"
1056,1127,NULL,8,"Moldeo,Fusion,Control de calidad"
1057,1128,NULL,8,"Moldeo,Fusion,Control de calidad"
1058,1129,NULL,8,"Moldeo,Fusion,Control de calidad"
1059,1130,NULL,8,"Moldeo,Fusion,Control de calidad"
1060,1131,NULL,8,"Moldeo,Fusion,Control de calidad"
1061,1132,NULL,8,"Moldeo,Fusion,Control de calidad"
1062,1133,NULL,8,"Moldeo,Fusion,Control de calidad"
1063,1134,NULL,8,"Moldeo,Fusion,Control de calidad"
1064,1135,NULL,8,"Moldeo,Fusion,Control de calidad"
1065,1136,NULL,8,"Moldeo,Fusion,Control de calidad"
1066,1137,NULL,8,"Moldeo,Fusion,Control de calidad"
1067,1138,NULL,8,"Moldeo,Fusion,Control de calidad"
1068,1139,NULL,8,"Moldeo,Fusion,Control de calidad"
1069,1140,NULL,8,"Moldeo,Fusion,Control de calidad"
1070,1141,NULL,8,"Moldeo,Fusion,Control de calidad"
1071,1142,NULL,8,"Moldeo,Fusion,Control de calidad"
1072,1143,NULL,8,"Moldeo,Fusion,Control de calidad"
1073,1144,NULL,8,"Moldeo,Fusion,Control de calidad"
1074,1145,NULL,8,"Moldeo,Fusion,Control de calidad"
1075,1146,NULL,8,"Moldeo,Fusion,Control de calidad"
1076,1147,NULL,8,"Moldeo,Fusion,Control de calidad"
1077,1148,NULL,8,"Moldeo,Fusion,Control de calidad"
1078,1149,NULL,8,"Moldeo,Fusion,Control de calidad"
1079,1150,NULL,8,"Moldeo,Fusion,Control de calidad"
1080,1151,NULL,8,"Moldeo,Fusion,Control de calidad"
1081,1152,NULL,8,"Moldeo,Fusion,Control de calidad"
1082,1153,NULL,8,"Moldeo,Fusion,Control de calidad"
1083,1154,NULL,8,"Moldeo,Fusion,Control de calidad"
1084,1155,NULL,8,"Moldeo,Fusion,Control de calidad"
1085,1156,NULL,8,"Moldeo,Fusion,Control de calidad"
1086,1157,NULL,8,"Moldeo,Fusion,Control de calidad"
1087,1158,NULL,8,"Moldeo,Fusion,Control de calidad"
1088,1159,NULL,8,"Moldeo,Fusion,Control de calidad"
1089,1160,NULL,8,"Moldeo,Fusion,Control de calidad"
1090,1161,NULL,8,"Moldeo,Fusion,Control de calidad"
1091,1162,NULL,8,"Moldeo,Fusion,Control de calidad"
1092,1163,NULL,8,"Moldeo,Fusion,Control de calidad"
1093,1164,NULL,8,"Moldeo,Fusion,Control de calidad"
1094,1165,NULL,8,"Moldeo,Fusion,Control de calidad"
1095,1166,NULL,8,"Moldeo,Fusion,Control de calidad"
1096,1167,NULL,8,"Moldeo,Fusion,Control de calidad"
1097,1168,NULL,8,"Moldeo,Fusion,Control de calidad"
1098,1169,NULL,8,"Moldeo,Fusion,Control de calidad"
1099,1170,NULL,8,"Moldeo,Fusion,Control de calidad"
1100,1171,NULL,8,"Moldeo,Fusion,Control de calidad"
1101,1172,NULL,8,"Moldeo,Fusion,Control de calidad"
1102,1173,NULL,8,"Moldeo,Fusion,Control de calidad"
1103,1174,NULL,8,"Moldeo,Fusion,Control de calidad"
1104,1175,NULL,8,"Moldeo,Fusion,Control de calidad"
1105,1176,NULL,8,"Moldeo,Fusion,Control de calidad"
1106,1177,NULL,8,"Moldeo,Fusion,Control de calidad"
1107,1178,NULL,8,"Moldeo,Fusion,Control de calidad"
1108,1179,NULL,8,"Moldeo,Fusion,Control de calidad"
1109,1180,NULL,8,"Moldeo,Fusion,Control de calidad"
1110,1181,NULL,8,"Moldeo,Fusion,Control de calidad"
1111,1182,NULL,8,"Moldeo,Fusion,Control de calidad"
1112,1183,NULL,8,"Moldeo,Fusion,Control de calidad"
1113,1184,NULL,8,"Moldeo,Fusion,Control de calidad"
1114,1185,NULL,8,"Moldeo,Fusion,Control de calidad"
1115,1186,NULL,8,"Moldeo,Fusion,Control de calidad"
1116,1187,NULL,8,"Moldeo,Fusion,Control de calidad"
1117,1188,NULL,8,"Moldeo,Fusion,Control de calidad"
1118,1189,NULL,8,"Moldeo,Fusion,Control de calidad"
1119,1190,NULL,8,"Moldeo,Fusion,Control de calidad"
1120,1191,NULL,8,"Moldeo,Fusion,Control de calidad"
1121,1192,NULL,8,"Moldeo,Fusion,Control de calidad"
1122,1193,NULL,8,"Moldeo,Fusion,Control de calidad"
1123,1194,NULL,8,"Moldeo,Fusion,Control de calidad"
1124,1195,NULL,8,"Moldeo,Fusion,Control de calidad"
1125,1196,NULL,8,"Moldeo,Fusion,Control de calidad"
1126,1197,NULL,8,"Moldeo,Fusion,Control de calidad"
1127,1198,NULL,8,"Moldeo,Fusion,Control de calidad"
1128,1199,NULL,8,"Moldeo,Fusion,Control de calidad"
1129,1200,NULL,8,"Moldeo,Fusion,Control de calidad"
1130,1201,NULL,8,"Moldeo,Fusion,Control de calidad"
1131,1202,NULL,8,"Moldeo,Fusion,Control de calidad"
1132,1203,NULL,8,"Moldeo,Fusion,Control de calidad"
1133,1204,NULL,8,"Moldeo,Fusion,Control de calidad"
1134,1205,NULL,8,"Moldeo,Fusion,Control de calidad"
1135,1206,NULL,8,"Moldeo,Fusion,Control de calidad"
1136,1207,NULL,8,"Moldeo,Fusion,Control de calidad"
1137,1208,NULL,8,"Moldeo,Fusion,Control de calidad"
1138,1209,NULL,8,"Moldeo,Fusion,Control de calidad"
1139,1210,NULL,8,"Moldeo,Fusion,Control de calidad"
1140,1211,NULL,8,"Moldeo,Fusion,Control de calidad"
1141,1212,NULL,8,"Moldeo,Fusion,Control de calidad"
1142,1213,NULL,8,"Moldeo,Fusion,Control de calidad"
1143,1214,NULL,8,"Moldeo,Fusion,Control de calidad"
1144,1215,NULL,8,"Moldeo,Fusion,Control de calidad"
1145,1216,NULL,8,"Moldeo,Fusion,Control de calidad"
1146,1217,NULL,8,"Moldeo,Fusion,Control de calidad"
1147,1218,NULL,8,"Moldeo,Fusion,Control de calidad"
1148,1219,NULL,8,"Moldeo,Fusion,Control de calidad"
1149,1220,NULL,8,"Moldeo,Fusion,Control de calidad"
1150,1221,NULL,8,"Moldeo,Fusion,Control de calidad"
1151,1222,NULL,8,"Moldeo,Fusion,Control de calidad"
1152,1223,NULL,8,"Moldeo,Fusion,Control de calidad"
1153,1224,NULL,8,"Moldeo,Fusion,Control de calidad"
1154,1225,NULL,8,"Moldeo,Fusion,Control de calidad"
1155,1226,NULL,8,"Moldeo,Fusion,Control de calidad"
1156,1227,NULL,8,"Moldeo,Fusion,Control de calidad"
1157,1228,NULL,8,"Moldeo,Fusion,Control de calidad"
1158,1229,NULL,8,"Moldeo,Fusion,Control de calidad"
1159,1230,NULL,8,"Moldeo,Fusion,Control de calidad"
1160,1231,NULL,8,"Moldeo,Fusion,Control de calidad"
1161,1232,NULL,8,"Moldeo,Fusion,Control de calidad"
1162,1233,NULL,8,"Moldeo,Fusion,Control de calidad"
1163,1234,NULL,8,"Moldeo,Fusion,Control de calidad"
1164,1235,NULL,8,"Moldeo,Fusion,Control de calidad"
1165,1236,NULL,8,"Moldeo,Fusion,Control de calidad"
1166,1237,NULL,8,"Moldeo,Fusion,Control de calidad"
1167,1238,NULL,8,"Moldeo,Fusion,Control de calidad"
1168,1239,NULL,8,"Moldeo,Fusion,Control de calidad"
1169,1240,NULL,8,"Moldeo,Fusion,Control de calidad"
1170,1241,NULL,8,"Moldeo,Fusion,Control de calidad"
1171,1242,NULL,8,"Moldeo,Fusion,Control de calidad"
1172,1243,NULL,8,"Moldeo,Fusion,Control de calidad"
1173,1244,NULL,8,"Moldeo,Fusion,Control de calidad"
1174,1245,NULL,8,"Moldeo,Fusion,Control de calidad"
1175,1246,NULL,8,"Moldeo,Fusion,Control de calidad"
1176,1247,NULL,8,"Moldeo,Fusion,Control de calidad"
1177,1248,NULL,8,"Moldeo,Fusion,Control de calidad"
1178,1249,NULL,8,"Moldeo,Fusion,Control de calidad"
1179,1250,NULL,8,"Moldeo,Fusion,Control de calidad"
1180,1251,NULL,8,"Moldeo,Fusion,Control de calidad"
1181,1252,NULL,8,"Moldeo,Fusion,Control de calidad"
1182,1253,NULL,8,"Moldeo,Fusion,Control de calidad"
1183,1254,NULL,8,"Moldeo,Fusion,Control de calidad"
1184,1255,NULL,8,"Moldeo,Fusion,Control de calidad"
1185,1256,NULL,8,"Moldeo,Fusion,Control de calidad"
1186,1257,NULL,8,"Moldeo,Fusion,Control de calidad"
1187,1258,NULL,8,"Moldeo,Fusion,Control de calidad"
1188,1259,NULL,8,"Moldeo,Fusion,Control de calidad"
1189,1260,NULL,8,"Moldeo,Fusion,Control de calidad"
1190,1261,NULL,8,"Moldeo,Fusion,Control de calidad"
1191,1262,NULL,8,"Moldeo,Fusion,Control de calidad"
1192,1263,NULL,8,"Moldeo,Fusion,Control de calidad"
1193,1264,NULL,8,"Moldeo,Fusion,Control de calidad"
1194,1265,NULL,8,"Moldeo,Fusion,Control de calidad"
1195,1266,NULL,8,"Moldeo,Fusion,Control de calidad"
1196,1267,NULL,8,"Moldeo,Fusion,Control de calidad"
1197,1268,NULL,8,"Moldeo,Fusion,Control de calidad"
1198,1269,NULL,8,"Moldeo,Fusion,Control de calidad"
1199,1270,NULL,8,"Moldeo,Fusion,Control de calidad"
1200,1271,NULL,8,"Moldeo,Fusion,Control de calidad"
1201,1272,NULL,8,"Moldeo,Fusion,Control de calidad"
1202,1273,NULL,8,"Moldeo,Fusion,Control de calidad"
1203,1274,NULL,8,"Moldeo,Fusion,Control de calidad"
1204,1275,NULL,8,"Moldeo,Fusion,Control de calidad"
1205,1276,NULL,8,"Moldeo,Fusion,Control de calidad"
1206,1277,NULL,8,"Moldeo,Fusion,Control de calidad"
1207,1278,NULL,8,"Moldeo,Fusion,Control de calidad"
1208,1279,NULL,8,"Moldeo,Fusion,Control de calidad"
1209,1280,NULL,8,"Moldeo,Fusion,Control de calidad"
1210,1281,NULL,8,"Moldeo,Fusion,Control de calidad"
1211,1282,NULL,8,"Moldeo,Fusion,Control de calidad"
1212,1283,NULL,8,"Moldeo,Fusion,Control de calidad"
1213,1284,NULL,8,"Moldeo,Fusion,Control de calidad"
1214,1285,NULL,8,"Moldeo,Fusion,Control de calidad"
1215,1286,NULL,8,"Moldeo,Fusion,Control de calidad"
1216,1287,NULL,8,"Moldeo,Fusion,Control de calidad"
1217,1288,NULL,8,"Moldeo,Fusion,Control de calidad"
1218,1289,NULL,8,"Moldeo,Fusion,Control de calidad"
1219,1290,NULL,8,"Moldeo,Fusion,Control de calidad"
1220,1291,NULL,8,"Moldeo,Fusion,Control de calidad"
1221,1292,NULL,8,"Moldeo,Fusion,Control de calidad"
1222,1293,NULL,8,"Moldeo,Fusion,Control de calidad"
1223,1294,NULL,8,"Moldeo,Fusion,Control de calidad"
1224,1295,NULL,8,"Moldeo,Fusion,Control de calidad"
1225,1296,NULL,8,"Moldeo,Fusion,Control de calidad"
1226,1297,NULL,8,"Moldeo,Fusion,Control de calidad"
1227,1298,NULL,8,"Moldeo,Fusion,Control de calidad"
1228,1299,NULL,8,"Moldeo,Fusion,Control de calidad"
1229,1300,NULL,8,"Moldeo,Fusion,Control de calidad"
1230,1301,NULL,8,"Moldeo,Fusion,Control de calidad"
1231,1302,NULL,8,"Moldeo,Fusion,Control de calidad"
1232,1303,NULL,8,"Moldeo,Fusion,Control de calidad"
1233,1304,NULL,8,"Moldeo,Fusion,Control de calidad"
1234,1305,NULL,8,"Moldeo,Fusion,Control de calidad"
1235,1306,NULL,8,"Moldeo,Fusion,Control de calidad"
1236,1307,NULL,8,"Moldeo,Fusion,Control de calidad"
1237,1308,NULL,8,"Moldeo,Fusion,Control de calidad"
1238,1309,NULL,8,"Moldeo,Fusion,Control de calidad"
1239,1310,NULL,8,"Moldeo,Fusion,Control de calidad"
1240,1311,NULL,8,"Moldeo,Fusion,Control de calidad"
1241,1312,NULL,8,"Moldeo,Fusion,Control de calidad"
1242,1313,NULL,8,"Moldeo,Fusion,Control de calidad"
1243,1314,NULL,8,"Moldeo,Fusion,Control de calidad"
1244,1315,NULL,8,"Moldeo,Fusion,Control de calidad"
1245,1316,NULL,8,"Moldeo,Fusion,Control de calidad"
1246,1317,NULL,8,"Moldeo,Fusion,Control de calidad"
1247,1318,NULL,8,"Moldeo,Fusion,Control de calidad"
1248,1319,NULL,8,"Moldeo,Fusion,Control de calidad"
1249,1320,NULL,8,"Moldeo,Fusion,Control de calidad"
1250,1321,NULL,8,"Moldeo,Fusion,Control de calidad"
1251,1322,NULL,8,"Moldeo,Fusion,Control de calidad"
1252,1323,NULL,8,"Moldeo,Fusion,Control de calidad"
1253,1324,NULL,8,"Moldeo,Fusion,Control de calidad"
1254,1325,NULL,8,"Moldeo,Fusion,Control de calidad"
1255,1326,NULL,8,"Moldeo,Fusion,Control de calidad"
1256,1327,NULL,8,"Moldeo,Fusion,Control de calidad"
1257,1328,NULL,8,"Moldeo,Fusion,Control de calidad"
1258,1329,NULL,8,"Moldeo,Fusion,Control de calidad"
1259,1330,NULL,8,"Moldeo,Fusion,Control de calidad"
1260,1331,NULL,8,"Moldeo,Fusion,Control de calidad"
1261,1332,NULL,8,"Moldeo,Fusion,Control de calidad"
1262,1333,NULL,8,"Moldeo,Fusion,Control de calidad"
1263,1334,NULL,8,"Moldeo,Fusion,Control de calidad"
1264,1335,NULL,8,"Moldeo,Fusion,Control de calidad"
1265,1336,NULL,8,"Moldeo,Fusion,Control de calidad"
1266,1337,NULL,8,"Moldeo,Fusion,Control de calidad"
1267,1338,NULL,8,"Moldeo,Fusion,Control de calidad"
1268,1339,NULL,8,"Moldeo,Fusion,Control de calidad"
1269,1340,NULL,8,"Moldeo,Fusion,Control de calidad"
1270,1341,NULL,8,"Moldeo,Fusion,Control de calidad"
1271,1342,NULL,8,"Moldeo,Fusion,Control de calidad"
1272,1343,NULL,8,"Moldeo,Fusion,Control de calidad"
1273,1344,NULL,8,"Moldeo,Fusion,Control de calidad"
1274,1345,NULL,8,"Moldeo,Fusion,Control de calidad"
1275,1346,NULL,8,"Moldeo,Fusion,Control de calidad"
1276,1347,NULL,8,"Moldeo,Fusion,Control de calidad"
1277,1348,NULL,8,"Moldeo,Fusion,Control de calidad"
1278,1349,NULL,8,"Moldeo,Fusion,Control de calidad"
1279,1350,NULL,8,"Moldeo,Fusion,Control de calidad"
1280,1351,NULL,8,"Moldeo,Fusion,Control de calidad"
1281,1352,NULL,8,"Moldeo,Fusion,Control de calidad"
1282,1353,NULL,8,"Moldeo,Fusion,Control de calidad"
1283,1354,NULL,8,"Moldeo,Fusion,Control de calidad"
1284,1355,NULL,8,"Moldeo,Fusion,Control de calidad"
1285,1356,NULL,8,"Moldeo,Fusion,Control de calidad"
1286,1357,NULL,8,"Moldeo,Fusion,Control de calidad"
1287,1358,NULL,8,"Moldeo,Fusion,Control de calidad"
1288,1359,NULL,8,"Moldeo,Fusion,Control de calidad"
1289,1360,NULL,8,"Moldeo,Fusion,Control de calidad"
1290,1361,NULL,8,"Moldeo,Fusion,Control de calidad"
1291,1362,NULL,8,"Moldeo,Fusion,Control de calidad"
1292,1363,NULL,8,"Moldeo,Fusion,Control de calidad"
1293,1364,NULL,8,"Moldeo,Fusion,Control de calidad"
1294,1365,NULL,8,"Moldeo,Fusion,Control de calidad"
1295,1366,NULL,8,"Moldeo,Fusion,Control de calidad"
1296,1367,NULL,8,"Moldeo,Fusion,Control de calidad"
1297,1368,NULL,8,"Moldeo,Fusion,Control de calidad"
1298,1369,NULL,8,"Moldeo,Fusion,Control de calidad"
1299,1370,NULL,8,"Moldeo,Fusion,Control de calidad"
1300,1371,NULL,8,"Moldeo,Fusion,Control de calidad"
1301,1372,NULL,8,"Moldeo,Fusion,Control de calidad"
1302,1373,NULL,8,"Moldeo,Fusion,Control de calidad"
1303,1374,NULL,8,"Moldeo,Fusion,Control de calidad"
1304,1375,NULL,8,"Moldeo,Fusion,Control de calidad"
1305,1376,NULL,8,"Moldeo,Fusion,Control de calidad"
1306,1377,NULL,8,"Moldeo,Fusion,Control de calidad"
1307,1378,NULL,8,"Moldeo,Fusion,Control de calidad"
1308,1379,NULL,8,"Moldeo,Fusion,Control de calidad"
1309,1380,NULL,8,"Moldeo,Fusion,Control de calidad"
1310,1381,NULL,8,"Moldeo,Fusion,Control de calidad"
1311,1382,NULL,8,"Moldeo,Fusion,Control de calidad"
1312,1383,NULL,8,"Moldeo,Fusion,Control de calidad"
1313,1384,NULL,8,"Moldeo,Fusion,Control de calidad"
1314,1385,NULL,8,"Moldeo,Fusion,Control de calidad"
1315,1386,NULL,8,"Moldeo,Fusion,Control de calidad"
1316,1387,NULL,8,"Moldeo,Fusion,Control de calidad"
1317,1388,NULL,8,"Moldeo,Fusion,Control de calidad"
1318,1389,NULL,8,"Moldeo,Fusion,Control de calidad"
1319,1390,NULL,8,"Moldeo,Fusion,Control de calidad"
1320,1391,NULL,8,"Moldeo,Fusion,Control de calidad"
1321,1392,NULL,8,"Moldeo,Fusion,Control de calidad"
1322,1393,NULL,8,"Moldeo,Fusion,Control de calidad"
1323,1394,NULL,8,"Moldeo,Fusion,Control de calidad"
1324,1395,NULL,8,"Moldeo,Fusion,Control de calidad"
1325,1396,NULL,8,"Moldeo,Fusion,Control de calidad"
1326,1397,NULL,8,"Moldeo,Fusion,Control de calidad"
1327,1398,NULL,8,"Moldeo,Fusion,Control de calidad"
1328,1399,NULL,8,"Moldeo,Fusion,Control de calidad"
1329,1400,NULL,8,"Moldeo,Fusion,Control de calidad"
1330,1401,NULL,8,"Moldeo,Fusion,Control de calidad"
1331,1402,NULL,8,"Moldeo,Fusion,Control de calidad"
1332,1403,NULL,8,"Moldeo,Fusion,Control de calidad"
1333,1404,NULL,8,"Moldeo,Fusion,Control de calidad"
1334,1405,NULL,8,"Moldeo,Fusion,Control de calidad"
1335,1406,NULL,8,"Moldeo,Fusion,Control de calidad"
1336,1407,NULL,8,"Moldeo,Fusion,Control de calidad"
1337,1408,NULL,8,"Moldeo,Fusion,Control de calidad"
1338,1409,NULL,8,"Moldeo,Fusion,Control de calidad"
1339,1410,NULL,8,"Moldeo,Fusion,Control de calidad"
1340,1411,NULL,8,"Moldeo,Fusion,Control de calidad"
1341,1412,NULL,8,"Moldeo,Fusion,Control de calidad"
1342,1413,NULL,8,"Moldeo,Fusion,Control de calidad"
1343,1414,NULL,8,"Moldeo,Fusion,Control de calidad"
1344,1415,NULL,8,"Moldeo,Fusion,Control de calidad"
1345,1416,NULL,8,"Moldeo,Fusion,Control de calidad"
1346,1417,NULL,8,"Moldeo,Fusion,Control de calidad"
1347,1418,NULL,8,"Moldeo,Fusion,Control de calidad"
1348,1419,NULL,8,"Moldeo,Fusion,Control de calidad"
1349,1420,NULL,8,"Moldeo,Fusion,Control de calidad"
1350,1421,NULL,8,"Moldeo,Fusion,Control de calidad"
1351,1422,NULL,8,"Moldeo,Fusion,Control de calidad"
1352,1423,NULL,8,"Moldeo,Fusion,Control de calidad"
1353,1424,NULL,8,"Moldeo,Fusion,Control de calidad"
1354,1425,NULL,8,"Moldeo,Fusion,Control de calidad"
1355,1426,NULL,8,"Moldeo,Fusion,Control de calidad"
1356,1427,NULL,8,"Moldeo,Fusion,Control de calidad"
1357,1428,NULL,8,"Moldeo,Fusion,Control de calidad"
1358,1429,NULL,8,"Moldeo,Fusion,Control de calidad"
1359,1430,NULL,8,"Moldeo,Fusion,Control de calidad"
1360,1431,NULL,8,"Moldeo,Fusion,Control de calidad"
1361,1432,NULL,8,"Moldeo,Fusion,Control de calidad"
1362,1433,NULL,8,"Moldeo,Fusion,Control de calidad"
1363,1434,NULL,8,"Moldeo,Fusion,Control de calidad"
1364,1435,NULL,8,"Moldeo,Fusion,Control de calidad"
1365,1436,NULL,8,"Moldeo,Fusion,Control de calidad"
1366,1437,NULL,8,"Moldeo,Fusion,Control de calidad"
1367,1438,NULL,8,"Moldeo,Fusion,Control de calidad"
1368,1439,NULL,8,"Moldeo,Fusion,Control de calidad"
1369,1440,NULL,8,"Moldeo,Fusion,Control de calidad"
1370,1441,NULL,8,"Moldeo,Fusion,Control de calidad"
1371,1442,NULL,8,"Moldeo,Fusion,Control de calidad"
1372,1443,NULL,8,"Moldeo,Fusion,Control de calidad"
1373,1444,NULL,8,"Moldeo,Fusion,Control de calidad"
1374,1445,NULL,8,"Moldeo,Fusion,Control de calidad"
1375,1446,NULL,8,"Moldeo,Fusion,Control de calidad"
1376,1447,NULL,8,"Moldeo,Fusion,Control de calidad"
1377,1448,NULL,8,"Moldeo,Fusion,Control de calidad"
1378,1449,NULL,8,"Moldeo,Fusion,Control de calidad"
1379,1450,NULL,8,"Moldeo,Fusion,Control de calidad"
1380,1451,NULL,8,"Moldeo,Fusion,Control de calidad"
1381,1452,NULL,8,"Moldeo,Fusion,Control de calidad"
1382,1453,NULL,8,"Moldeo,Fusion,Control de calidad"
1383,1454,NULL,8,"Moldeo,Fusion,Control de calidad"
1384,1455,NULL,8,"Moldeo,Fusion,Control de calidad"
1385,1456,NULL,8,"Moldeo,Fusion,Control de calidad"
1386,1457,NULL,8,"Moldeo,Fusion,Control de calidad"
1387,1458,NULL,8,"Moldeo,Fusion,Control de calidad"
1388,1459,NULL,8,"Moldeo,Fusion,Control de calidad"
1389,1460,NULL,8,"Moldeo,Fusion,Control de calidad"
1390,1461,NULL,8,"Moldeo,Fusion,Control de calidad"
1391,1462,NULL,8,"Moldeo,Fusion,Control de calidad"
1392,1463,NULL,8,"Moldeo,Fusion,Control de calidad"
1393,1464,NULL,8,"Moldeo,Fusion,Control de calidad"
1394,1465,NULL,8,"Moldeo,Fusion,Control de calidad"
1395,1466,NULL,8,"Moldeo,Fusion,Control de calidad"
1396,1467,NULL,8,"Moldeo,Fusion,Control de calidad"
1397,1468,NULL,8,"Moldeo,Fusion,Control de calidad"
1398,1469,NULL,8,"Moldeo,Fusion,Control de calidad"
1399,1470,NULL,8,"Moldeo,Fusion,Control de calidad"
1400,1471,NULL,8,"Moldeo,Fusion,Control de calidad"
1401,1472,NULL,8,"Moldeo,Fusion,Control de calidad"
1402,1473,NULL,8,"Moldeo,Fusion,Control de calidad"
1403,1474,NULL,8,"Moldeo,Fusion,Control de calidad"
1404,1475,NULL,8,"Moldeo,Fusion,Control de calidad"
1405,1476,NULL,8,"Moldeo,Fusion,Control de calidad"
1406,1477,NULL,8,"Moldeo,Fusion,Control de calidad"
1407,1478,NULL,8,"Moldeo,Fusion,Control de calidad"
1408,1479,NULL,8,"Moldeo,Fusion,Control de calidad"
1409,1480,NULL,8,"Moldeo,Fusion,Control de calidad"
1410,1481,NULL,8,"Moldeo,Fusion,Control de calidad"
1411,1482,NULL,8,"Moldeo,Fusion,Control de calidad"
1412,1483,NULL,8,"Moldeo,Fusion,Control de calidad"
1413,1484,NULL,8,"Moldeo,Fusion,Control de calidad"
1414,1485,NULL,8,"Moldeo,Fusion,Control de calidad"
1415,1486,NULL,8,"Moldeo,Fusion,Control de calidad"
1416,1487,NULL,8,"Moldeo,Fusion,Control de calidad"
1417,1488,NULL,8,"Moldeo,Fusion,Control de calidad"
1418,1489,NULL,8,"Moldeo,Fusion,Control de calidad"
1419,1490,NULL,8,"Moldeo,Fusion,Control de calidad"
1420,1491,NULL,8,"Moldeo,Fusion,Control de calidad"
1421,1492,NULL,8,"Moldeo,Fusion,Control de calidad"
1422,1493,NULL,8,"Moldeo,Fusion,Control de calidad"
1423,1494,NULL,8,"Moldeo,Fusion,Control de calidad"
1424,1495,NULL,8,"Moldeo,Fusion,Control de calidad"
1425,1496,NULL,8,"Moldeo,Fusion,Control de calidad"
1426,1497,NULL,8,"Moldeo,Fusion,Control de calidad"
1427,1498,NULL,8,"Moldeo,Fusion,Control de calidad"
1428,1499,NULL,8,"Moldeo,Fusion,Control de calidad"
1429,1500,NULL,8,"Moldeo,Fusion,Control de calidad"
1430,1501,NULL,8,"Moldeo,Fusion,Control de calidad"
1431,1502,NULL,8,"Moldeo,Fusion,Control de calidad"
1432,1503,NULL,8,"Moldeo,Fusion,Control de calidad"
1433,1504,NULL,8,"Moldeo,Fusion,Control de calidad"
1434,1505,NULL,8,"Moldeo,Fusion,Control de calidad"
1435,1506,NULL,8,"Moldeo,Fusion,Control de calidad"
1436,1507,NULL,8,"Moldeo,Fusion,Control de calidad"
1437,1508,NULL,8,"Moldeo,Fusion,Control de calidad"
1438,1509,NULL,8,"Moldeo,Fusion,Control de calidad"
1439,1510,NULL,8,"Moldeo,Fusion,Control de calidad"
1440,1511,NULL,8,"Moldeo,Fusion,Control de calidad"
1441,1512,NULL,8,"Moldeo,Fusion,Control de calidad"
1442,1513,NULL,8,"Moldeo,Fusion,Control de calidad"
1443,1514,NULL,8,"Moldeo,Fusion,Control de calidad"
1444,1515,NULL,8,"Moldeo,Fusion,Control de calidad"
1445,1516,NULL,8,"Moldeo,Fusion,Control de calidad"
1446,1517,NULL,8,"Moldeo,Fusion,Control de calidad"
1447,1518,NULL,8,"Moldeo,Fusion,Control de calidad"
1448,1519,NULL,8,"Moldeo,Fusion,Control de calidad"
1449,1520,NULL,8,"Moldeo,Fusion,Control de calidad"
1450,1521,NULL,8,"Moldeo,Fusion,Control de calidad"
1451,1522,NULL,8,"Moldeo,Fusion,Control de calidad"
1452,1523,NULL,8,"Moldeo,Fusion,Control de calidad"
1453,1524,NULL,8,"Moldeo,Fusion,Control de calidad"
1454,1525,NULL,8,"Moldeo,Fusion,Control de calidad"
1455,1526,NULL,8,"Moldeo,Fusion,Control de calidad"
1456,1527,NULL,8,"Moldeo,Fusion,Control de calidad"
1457,1528,NULL,9,"Moldeo,Fusion,Control de calidad"
1458,1529,NULL,9,"Moldeo,Fusion,Control de calidad"
1459,1530,NULL,9,"Moldeo,Fusion,Control de calidad"
1460,1531,NULL,9,"Moldeo,Fusion,Control de calidad"
1461,1532,NULL,11,"Moldeo,Fusion,Control de calidad"
1462,1533,NULL,11,"Moldeo,Fusion,Control de calidad"
1463,1534,NULL,11,"Moldeo,Fusion,Control de calidad"
1464,1535,NULL,11,"Moldeo,Fusion,Control de calidad"
1465,1536,NULL,11,"Moldeo,Fusion,Control de calidad"
1466,1537,NULL,11,"Moldeo,Fusion,Control de calidad"
1467,1538,NULL,12,"Moldeo,Fusion,Control de calidad"
1468,1539,NULL,16,"Moldeo,Fusion,Control de calidad"
1469,1540,NULL,16,"Moldeo,Fusion,Control de calidad"
1470,1541,NULL,16,"Moldeo,Fusion,Control de calidad"
1471,1542,NULL,16,"Moldeo,Fusion,Control de calidad"
1472,1543,NULL,16,"Moldeo,Fusion,Control de calidad"
1473,1544,NULL,16,"Moldeo,Fusion,Control de calidad"
1474,1545,NULL,17,"Moldeo,Fusion,Control de calidad"
1475,1546,NULL,25,"Moldeo,Fusion,Control de calidad"
1476,1547,NULL,25,"Moldeo,Fusion,Control de calidad"
1477,1548,NULL,25,"Moldeo,Fusion,Control de calidad"
1478,1549,NULL,25,"Moldeo,Fusion,Control de calidad"
1479,1550,NULL,27,"Moldeo,Fusion,Control de calidad"
1480,1551,NULL,27,"Moldeo,Fusion,Control de calidad"
1481,1552,NULL,27,"Moldeo,Fusion,Control de calidad"
1482,1553,NULL,27,"Moldeo,Fusion,Control de calidad"
1483,1554,NULL,27,"Moldeo,Fusion,Control de calidad"
1484,1555,NULL,27,"Moldeo,Fusion,Control de calidad"
1485,1556,NULL,27,"Moldeo,Fusion,Control de calidad"
1486,1557,NULL,28,"Moldeo,Fusion,Control de calidad"
1487,1558,NULL,28,"Moldeo,Fusion,Control de calidad"
1488,1559,NULL,28,"Moldeo,Fusion,Control de calidad"
1489,1560,NULL,28,"Moldeo,Fusion,Control de calidad"
1490,1561,NULL,29,"Moldeo,Fusion,Control de calidad"
1491,1562,NULL,29,"Moldeo,Fusion,Control de calidad"
1492,1563,NULL,29,"Moldeo,Fusion,Control de calidad"
1493,1564,NULL,29,"Moldeo,Fusion,Control de calidad"
1494,1565,NULL,29,"Moldeo,Fusion,Control de calidad"
1495,1566,NULL,29,"Moldeo,Fusion,Control de calidad"
1496,1567,NULL,29,"Moldeo,Fusion,Control de calidad"
1497,1568,NULL,29,"Moldeo,Fusion,Control de calidad"
1498,1569,NULL,30,"Moldeo,Fusion,Control de calidad"
1499,1570,NULL,30,"Moldeo,Fusion,Control de calidad"
1500,1571,NULL,30,"Moldeo,Fusion,Control de calidad"
1501,1572,NULL,30,"Moldeo,Fusion,Control de calidad"
1502,1573,NULL,30,"Moldeo,Fusion,Control de calidad"
1503,1574,NULL,31,"Moldeo,Fusion,Control de calidad"
1504,1575,NULL,31,"Moldeo,Fusion,Control de calidad"
1505,1576,NULL,31,"Moldeo,Fusion,Control de calidad"
1506,1577,NULL,31,"Moldeo,Fusion,Control de calidad"
1507,1578,NULL,31,"Moldeo,Fusion,Control de calidad"
1508,1579,NULL,31,"Moldeo,Fusion,Control de calidad"
1509,1580,NULL,31,"Moldeo,Fusion,Control de calidad"
1510,1581,NULL,31,"Moldeo,Fusion,Control de calidad"
1511,1582,NULL,31,"Moldeo,Fusion,Control de calidad"
1512,1583,NULL,31,"Moldeo,Fusion,Control de calidad"
1513,1584,NULL,31,"Moldeo,Fusion,Control de calidad"
1514,1585,NULL,31,"Moldeo,Fusion,Control de calidad"
1515,1586,NULL,31,"Moldeo,Fusion,Control de calidad"
1516,1587,NULL,31,"Moldeo,Fusion,Control de calidad"
1517,1588,NULL,31,"Moldeo,Fusion,Control de calidad"
1518,1589,NULL,31,"Moldeo,Fusion,Control de calidad"
1519,1590,NULL,31,"Moldeo,Fusion,Control de calidad"
1520,1591,NULL,31,"Moldeo,Fusion,Control de calidad"
1521,1592,NULL,31,"Moldeo,Fusion,Control de calidad"
1522,1593,NULL,31,"Moldeo,Fusion,Control de calidad"
1523,1594,NULL,31,"Moldeo,Fusion,Control de calidad"
1524,1595,NULL,31,"Moldeo,Fusion,Control de calidad"
1525,1596,NULL,31,"Moldeo,Fusion,Control de calidad"
1526,1597,NULL,31,"Moldeo,Fusion,Control de calidad"
1527,1598,NULL,31,"Moldeo,Fusion,Control de calidad"
1528,1599,NULL,31,"Moldeo,Fusion,Control de calidad"
1529,1600,NULL,31,"Moldeo,Fusion,Control de calidad"
1530,1601,NULL,31,"Moldeo,Fusion,Control de calidad"
1531,1602,NULL,31,"Moldeo,Fusion,Control de calidad"
1532,1603,NULL,31,"Moldeo,Fusion,Control de calidad"
1533,1604,NULL,31,"Moldeo,Fusion,Control de calidad"
1534,1605,NULL,31,"Moldeo,Fusion,Control de calidad"
1535,1606,NULL,31,"Moldeo,Fusion,Control de calidad"
1536,1607,NULL,31,"Moldeo,Fusion,Control de calidad"
1537,1608,NULL,31,"Moldeo,Fusion,Control de calidad"
1538,1609,NULL,31,"Moldeo,Fusion,Control de calidad"
1539,1610,NULL,31,"Moldeo,Fusion,Control de calidad"
1540,1611,NULL,31,"Moldeo,Fusion,Control de calidad"
1541,1612,NULL,31,"Moldeo,Fusion,Control de calidad"
1542,1613,NULL,31,"Moldeo,Fusion,Control de calidad"
1543,1614,NULL,31,"Moldeo,Fusion,Control de calidad"
1544,1615,NULL,31,"Moldeo,Fusion,Control de calidad"
1545,1616,NULL,31,"Moldeo,Fusion,Control de calidad"
1546,1617,NULL,31,"Moldeo,Fusion,Control de calidad"
1547,1618,NULL,31,"Moldeo,Fusion,Control de calidad"
1548,1619,NULL,31,"Moldeo,Fusion,Control de calidad"
1549,1620,NULL,31,"Moldeo,Fusion,Control de calidad"
1550,1621,NULL,31,"Moldeo,Fusion,Control de calidad"
1551,1622,NULL,31,"Moldeo,Fusion,Control de calidad"
1552,1623,NULL,31,"Moldeo,Fusion,Control de calidad"
1553,1624,NULL,31,"Moldeo,Fusion,Control de calidad"
1554,1625,NULL,31,"Moldeo,Fusion,Control de calidad"
1555,1626,NULL,31,"Moldeo,Fusion,Control de calidad"
1556,1627,NULL,31,"Moldeo,Fusion,Control de calidad"
1557,1628,NULL,31,"Moldeo,Fusion,Control de calidad"
1558,1629,NULL,31,"Moldeo,Fusion,Control de calidad"
1559,1630,NULL,31,"Moldeo,Fusion,Control de calidad"
1560,1631,NULL,31,"Moldeo,Fusion,Control de calidad"
1561,1632,NULL,31,"Moldeo,Fusion,Control de calidad"
1562,1633,NULL,31,"Moldeo,Fusion,Control de calidad"
1563,1634,NULL,31,"Moldeo,Fusion,Control de calidad"
1564,1635,NULL,31,"Moldeo,Fusion,Control de calidad"
1565,1636,NULL,32,"Moldeo,Fusion,Control de calidad"
1566,1637,NULL,33,"Moldeo,Fusion,Control de calidad"
1567,1638,NULL,34,"Moldeo,Fusion,Control de calidad"
1568,1639,NULL,34,"Moldeo,Fusion,Control de calidad"
1569,1640,NULL,34,"Moldeo,Fusion,Control de calidad"
1570,1641,NULL,34,"Moldeo,Fusion,Control de calidad"
1571,1642,NULL,35,"Moldeo,Fusion,Control de calidad"
1572,1643,NULL,36,"Moldeo,Fusion,Control de calidad"
1573,1644,NULL,36,"Moldeo,Fusion,Control de calidad"
1574,1645,NULL,36,"Moldeo,Fusion,Control de calidad"
1575,1646,NULL,36,"Moldeo,Fusion,Control de calidad"
1576,1647,NULL,36,"Moldeo,Fusion,Control de calidad"
1577,1648,NULL,36,"Moldeo,Fusion,Control de calidad"
1578,1649,NULL,36,"Moldeo,Fusion,Control de calidad"
1579,1650,NULL,36,"Moldeo,Fusion,Control de calidad"
1580,1651,NULL,37,"Moldeo,Fusion,Control de calidad"
1581,1652,NULL,37,"Moldeo,Fusion,Control de calidad"
1582,1653,NULL,38,"Moldeo,Fusion,Control de calidad"
1583,1654,NULL,39,"Moldeo,Fusion,Control de calidad"
1584,1655,NULL,39,"Moldeo,Fusion,Control de calidad"
1585,1656,NULL,39,"Moldeo,Fusion,Control de calidad"
1586,1657,NULL,39,"Moldeo,Fusion,Control de calidad"
1587,1658,NULL,39,"Moldeo,Fusion,Control de calidad"
1588,1659,NULL,39,"Moldeo,Fusion,Control de calidad"
1589,1660,NULL,40,"Moldeo,Fusion,Control de calidad"
1590,1661,NULL,40,"Moldeo,Fusion,Control de calidad"
1591,1662,NULL,41,"Moldeo,Fusion,Control de calidad"
1592,1663,NULL,41,"Moldeo,Fusion,Control de calidad"
1593,1664,NULL,41,"Moldeo,Fusion,Control de calidad"
1594,1665,NULL,41,"Moldeo,Fusion,Control de calidad"
1595,1666,NULL,42,"Moldeo,Fusion,Control de calidad"
1596,1667,NULL,42,"Moldeo,Fusion,Control de calidad"
1597,1668,NULL,45,"Moldeo,Fusion,Control de calidad"
1598,1669,NULL,47,"Moldeo,Fusion,Control de calidad"
1599,1670,NULL,47,"Moldeo,Fusion,Control de calidad"
1600,1671,NULL,50,"Moldeo,Fusion,Control de calidad"
1601,1672,NULL,50,"Moldeo,Fusion,Control de calidad"
1602,1673,NULL,51,"Moldeo,Fusion,Control de calidad"
1603,1674,NULL,54,"Moldeo,Fusion,Control de calidad"
1604,1675,NULL,55,"Moldeo,Fusion,Control de calidad"
1605,1676,NULL,56,"Moldeo,Fusion,Control de calidad"
1606,1677,NULL,56,"Moldeo,Fusion,Control de calidad"
1607,1678,NULL,56,"Moldeo,Fusion,Control de calidad"
1608,1679,NULL,56,"Moldeo,Fusion,Control de calidad"
1609,1680,NULL,56,"Moldeo,Fusion,Control de calidad"
1610,1681,NULL,56,"Moldeo,Fusion,Control de calidad"
1611,1682,NULL,56,"Moldeo,Fusion,Control de calidad"
1612,1683,NULL,56,"Moldeo,Fusion,Control de calidad"
1613,1684,NULL,56,"Moldeo,Fusion,Control de calidad"
1614,1685,NULL,57,"Moldeo,Fusion,Control de calidad"
1615,1686,NULL,57,"Moldeo,Fusion,Control de calidad"
1616,1687,NULL,57,"Moldeo,Fusion,Control de calidad"
1617,1688,NULL,57,"Moldeo,Fusion,Control de calidad"
1618,1689,NULL,62,"Moldeo,Fusion,Control de calidad"
1619,1690,NULL,64,"Moldeo,Fusion,Control de calidad"
1620,1691,NULL,64,"Moldeo,Fusion,Control de calidad"
1621,1692,NULL,64,"Moldeo,Fusion,Control de calidad"
1622,1693,NULL,64,"Moldeo,Fusion,Control de calidad"
1623,1694,NULL,66,"Moldeo,Fusion,Control de calidad"
1624,1695,NULL,66,"Moldeo,Fusion,Control de calidad"
1625,2300,NULL,99,"Moldeo,Fusion,Control de calidad"
1626,2301,NULL,99,"Moldeo,Fusion,Control de calidad"
1627,2302,NULL,99,"Moldeo,Fusion,Control de calidad"
1628,2303,NULL,99,"Moldeo,Fusion,Control de calidad"
1629,2304,NULL,99,"Moldeo,Fusion,Control de calidad"
1630,2305,NULL,99,"Moldeo,Fusion,Control de calidad"
1631,2306,NULL,99,"Moldeo,Fusion,Control de calidad"
1632,2307,NULL,7,"Moldeo,Fusion,Control de calidad"
1633,2315,NULL,8,"Moldeo,Fusion,Control de calidad"
1634,2317,NULL,8,"Moldeo,Fusion,Control de calidad"
1635,2318,NULL,8,"Moldeo,Fusion,Control de calidad"
1636,2319,NULL,8,"Moldeo,Fusion,Control de calidad"
1637,2320,NULL,8,"Moldeo,Fusion,Control de calidad"
